BEEID,CNUM,CHOICE,SYM,LOWNUM,HIGHNUM,SHAPE
1,1,1,S,4,8,STAR
1,2,1,S,4,8,STAR
1,3,0,S,4,6,TRIANGLE
1,4,1,S,4,6,TRIANGLE
1,5,0,S,4,6,TRIANGLE
1,6,0,S,4,6,TRIANGLE
1,7,1,S,4,6,TRIANGLE
1,8,1,S,4,6,TRIANGLE
1,9,1,S,4,6,CIRCLE
1,10,1,S,4,6,CIRCLE
1,11,1,S,6,8,TRIANGLE
1,12,0,S,6,8,TRIANGLE
1,13,0,S,6,8,TRIANGLE
1,14,1,S,8,10,SQUARE
1,15,0,S,8,10,SQUARE
1,16,1,S,8,10,STAR
1,17,0,S,8,10,STAR
1,18,1,S,8,10,STAR
1,19,0,S,6,10,TRIANGLE
1,20,1,S,6,10,TRIANGLE
1,21,1,S,6,10,TRIANGLE
1,22,1,S,4,10,SQUARE
1,23,1,S,4,10,SQUARE
1,24,1,S,4,10,SQUARE
1,25,1,S,4,10,SQUARE
1,26,1,S,4,10,SQUARE
1,27,0,S,4,6,STAR
1,28,1,S,4,6,STAR
1,29,1,S,4,6,STAR
1,30,0,S,6,8,CIRCLE
1,31,0,S,6,8,CIRCLE
1,32,1,S,6,10,SQUARE
1,33,0,S,6,10,SQUARE
1,34,1,S,6,10,SQUARE
1,35,1,S,4,6,STAR
1,36,1,S,4,6,STAR
1,37,0,S,4,6,STAR
1,38,1,S,8,10,CIRCLE
1,39,1,S,8,10,CIRCLE
1,40,1,S,8,10,CIRCLE
1,41,0,S,8,10,CIRCLE
1,42,0,S,6,8,TRIANGLE
1,43,1,S,6,8,TRIANGLE
1,44,1,S,6,8,TRIANGLE
1,45,0,S,6,8,TRIANGLE
1,46,1,S,6,10,STAR
1,47,1,S,6,10,STAR
1,48,1,S,6,10,STAR
1,49,1,S,8,10,CIRCLE
1,50,1,S,8,10,CIRCLE
1,51,0,S,8,10,CIRCLE
1,52,1,S,4,6,SQUARE
1,53,0,S,4,6,SQUARE
1,54,1,S,6,8,CIRCLE
1,55,1,S,6,8,CIRCLE
1,56,1,S,6,8,CIRCLE
1,57,0,S,6,8,CIRCLE
1,58,0,S,4,10,TRIANGLE
1,59,0,S,4,10,TRIANGLE
1,60,1,S,4,10,TRIANGLE
1,61,1,S,4,10,TRIANGLE
1,62,1,S,6,8,STAR
1,63,1,S,6,8,STAR
1,64,1,S,6,8,STAR
1,65,1,S,4,8,CIRCLE
1,66,1,S,4,8,CIRCLE
1,67,1,S,4,8,CIRCLE
1,68,1,S,6,8,STAR
1,69,0,S,6,8,STAR
1,70,1,S,6,8,STAR
1,71,0,S,6,8,STAR
1,72,1,S,4,8,TRIANGLE
1,73,1,S,4,8,TRIANGLE
1,74,0,S,4,8,TRIANGLE
1,75,1,S,4,8,TRIANGLE
1,76,1,S,4,8,CIRCLE
1,77,0,S,4,8,CIRCLE
1,78,0,S,4,8,CIRCLE
1,79,1,S,4,8,CIRCLE
1,80,0,S,6,8,STAR
1,81,1,S,6,8,STAR
1,82,1,S,6,8,STAR
1,83,0,S,6,8,STAR
1,84,1,S,6,8,STAR
1,85,1,S,4,6,TRIANGLE
1,86,1,S,4,6,TRIANGLE
1,87,0,S,4,6,TRIANGLE
1,88,0,S,4,6,TRIANGLE
1,89,0,S,4,6,TRIANGLE
1,90,1,S,6,8,CIRCLE
1,91,0,S,6,8,CIRCLE
1,92,0,S,6,8,CIRCLE
1,93,1,S,6,8,CIRCLE
1,94,1,S,4,6,TRIANGLE
1,95,0,S,4,6,TRIANGLE
1,96,1,S,4,6,TRIANGLE
1,97,0,S,4,6,TRIANGLE
1,98,1,S,4,10,SQUARE
1,99,1,S,4,10,SQUARE
1,100,0,S,4,10,SQUARE
2,1,0,S,8,10,SQUARE
2,2,1,S,4,10,STAR
2,3,0,S,4,10,STAR
2,4,0,S,4,10,STAR
2,5,1,S,6,8,SQUARE
2,6,0,S,6,8,SQUARE
2,7,1,S,6,10,CIRCLE
2,8,0,S,6,10,CIRCLE
2,9,0,S,6,10,CIRCLE
2,10,1,S,6,10,STAR
2,11,0,S,6,10,STAR
2,12,0,S,6,10,STAR
2,13,1,S,6,8,CIRCLE
2,14,1,S,6,8,CIRCLE
2,15,1,S,6,8,CIRCLE
2,16,0,S,4,8,SQUARE
2,17,1,S,4,8,SQUARE
2,18,0,S,4,6,CIRCLE
2,19,0,S,4,6,CIRCLE
2,20,1,S,4,6,CIRCLE
2,21,1,S,4,6,CIRCLE
2,22,1,S,4,6,CIRCLE
2,23,1,S,8,10,SQUARE
2,24,0,S,8,10,SQUARE
2,25,1,S,8,10,SQUARE
2,26,1,S,4,8,TRIANGLE
2,27,1,S,4,8,TRIANGLE
2,28,0,S,4,8,TRIANGLE
2,29,1,S,4,8,SQUARE
2,30,1,S,4,8,SQUARE
2,31,0,S,4,8,SQUARE
2,32,0,S,6,10,CIRCLE
2,33,0,S,6,10,CIRCLE
2,34,0,S,6,10,CIRCLE
2,35,0,S,8,10,STAR
2,36,0,S,8,10,STAR
2,37,0,S,8,10,STAR
2,38,0,S,4,8,CIRCLE
2,39,1,S,4,8,CIRCLE
2,40,1,S,4,8,CIRCLE
2,41,0,S,4,8,CIRCLE
2,42,0,S,4,10,STAR
2,43,0,S,4,10,STAR
2,44,1,S,4,10,STAR
2,45,1,S,4,10,STAR
2,46,1,S,6,8,SQUARE
2,47,1,S,6,8,SQUARE
2,48,0,S,6,8,SQUARE
2,49,1,S,4,8,TRIANGLE
2,50,1,S,4,8,TRIANGLE
2,51,0,S,4,8,TRIANGLE
2,52,1,S,4,6,SQUARE
2,53,0,S,4,6,SQUARE
2,54,1,S,6,8,CIRCLE
2,55,1,S,6,8,CIRCLE
2,56,1,S,6,8,CIRCLE
2,57,0,S,6,8,CIRCLE
2,58,0,S,4,10,TRIANGLE
2,59,0,S,4,10,TRIANGLE
2,60,1,S,4,10,TRIANGLE
2,61,1,S,4,10,TRIANGLE
2,62,1,S,6,8,STAR
2,63,1,S,6,8,STAR
2,64,1,S,6,8,STAR
2,65,1,S,4,8,CIRCLE
2,66,1,S,4,8,CIRCLE
2,67,1,S,4,8,CIRCLE
2,68,1,S,6,8,STAR
2,69,0,S,6,8,STAR
2,70,1,S,6,8,STAR
2,71,0,S,6,8,STAR
2,72,1,S,4,8,TRIANGLE
2,73,1,S,4,8,TRIANGLE
2,74,0,S,4,8,TRIANGLE
2,75,1,S,4,8,TRIANGLE
2,76,1,S,4,8,CIRCLE
2,77,0,S,4,8,CIRCLE
2,78,0,S,4,8,CIRCLE
2,79,1,S,4,8,CIRCLE
2,80,0,S,6,8,STAR
2,81,1,S,6,8,STAR
2,82,1,S,6,8,STAR
2,83,0,S,6,8,STAR
2,84,1,S,6,8,STAR
2,85,1,S,4,6,TRIANGLE
2,86,1,S,4,6,TRIANGLE
2,87,0,S,4,6,TRIANGLE
2,88,0,S,4,6,TRIANGLE
2,89,0,S,4,6,TRIANGLE
2,90,1,S,6,8,CIRCLE
2,91,0,S,6,8,CIRCLE
2,92,0,S,6,8,CIRCLE
2,93,1,S,6,8,CIRCLE
2,94,1,S,4,6,TRIANGLE
2,95,0,S,4,6,TRIANGLE
2,96,1,S,4,6,TRIANGLE
2,97,0,S,4,6,TRIANGLE
2,98,1,S,4,10,SQUARE
2,99,1,S,4,10,SQUARE
2,100,0,S,4,10,SQUARE
3,1,0,S,4,8,SQUARE
3,2,0,S,4,8,SQUARE
3,3,1,S,4,8,SQUARE
3,4,0,S,4,8,CIRCLE
3,5,1,S,4,8,CIRCLE
3,6,1,S,4,8,CIRCLE
3,7,0,S,4,8,CIRCLE
3,8,1,S,8,10,TRIANGLE
3,9,0,S,8,10,TRIANGLE
3,10,0,S,8,10,TRIANGLE
3,11,0,S,8,10,TRIANGLE
3,12,1,S,6,10,CIRCLE
3,13,1,S,6,10,CIRCLE
3,14,1,S,6,10,CIRCLE
3,15,0,S,6,10,CIRCLE
3,16,1,S,4,6,SQUARE
3,17,1,S,4,6,SQUARE
3,18,1,S,4,6,SQUARE
3,19,1,S,8,10,STAR
3,20,0,S,8,10,STAR
3,21,0,S,8,10,CIRCLE
3,22,1,S,8,10,CIRCLE
3,23,1,S,8,10,CIRCLE
3,24,0,S,6,10,STAR
3,25,0,S,4,8,TRIANGLE
3,26,1,S,4,8,TRIANGLE
3,27,0,S,4,8,TRIANGLE
3,28,0,S,8,10,SQUARE
3,29,1,S,8,10,SQUARE
3,30,1,S,8,10,SQUARE
3,31,0,S,6,8,TRIANGLE
3,32,1,S,6,8,TRIANGLE
3,33,1,S,4,6,SQUARE
3,34,1,S,4,6,SQUARE
3,35,0,S,4,6,SQUARE
3,36,0,S,6,10,CIRCLE
3,37,1,S,6,10,CIRCLE
3,38,1,S,6,10,SQUARE
3,39,1,S,6,10,SQUARE
3,40,0,S,6,10,SQUARE
3,41,1,S,6,10,SQUARE
3,42,1,S,4,10,CIRCLE
3,43,0,S,4,10,CIRCLE
3,44,1,S,4,10,CIRCLE
3,45,1,S,4,10,CIRCLE
3,46,0,S,4,10,STAR
3,47,0,S,4,10,STAR
3,48,1,S,4,10,STAR
3,49,1,S,8,10,TRIANGLE
3,50,1,S,8,10,TRIANGLE
3,51,0,S,8,10,TRIANGLE
3,52,1,S,4,8,SQUARE
3,53,0,S,4,8,SQUARE
3,54,1,S,4,10,CIRCLE
3,55,0,S,4,10,CIRCLE
3,56,1,S,4,10,CIRCLE
3,57,1,S,4,8,TRIANGLE
3,58,0,S,4,8,TRIANGLE
3,59,0,S,4,8,TRIANGLE
3,60,1,S,6,8,SQUARE
3,61,0,S,6,8,SQUARE
3,62,0,S,6,8,SQUARE
3,63,1,S,6,10,STAR
3,64,0,S,6,10,STAR
3,65,1,S,4,6,TRIANGLE
3,66,1,S,4,6,TRIANGLE
3,67,1,S,4,6,TRIANGLE
3,68,0,S,8,10,CIRCLE
3,69,1,S,8,10,CIRCLE
3,70,1,S,8,10,CIRCLE
3,71,1,S,4,10,TRIANGLE
3,72,0,S,4,10,TRIANGLE
3,73,0,S,4,6,SQUARE
3,74,1,S,4,6,SQUARE
3,75,1,S,4,6,SQUARE
3,76,0,S,4,8,CIRCLE
3,77,1,S,4,8,CIRCLE
3,78,1,S,4,8,CIRCLE
3,79,0,S,4,8,CIRCLE
3,80,0,S,4,8,STAR
3,81,0,S,4,8,STAR
3,82,1,S,4,8,STAR
3,83,0,S,4,6,SQUARE
3,84,1,S,4,6,SQUARE
3,85,0,S,4,6,SQUARE
3,86,1,S,4,10,STAR
3,87,1,S,4,10,STAR
3,88,1,S,4,8,TRIANGLE
3,89,1,S,4,8,TRIANGLE
3,90,1,S,4,8,TRIANGLE
3,91,1,S,6,10,STAR
3,92,1,S,6,10,STAR
3,93,0,S,6,10,STAR
3,94,0,S,4,6,TRIANGLE
3,95,1,S,4,6,TRIANGLE
3,96,1,S,8,10,CIRCLE
3,97,0,S,8,10,CIRCLE
3,98,1,S,8,10,CIRCLE
3,99,1,S,4,6,TRIANGLE
3,100,1,S,4,6,TRIANGLE
4,1,1,S,4,10,SQUARE
4,2,0,S,4,10,SQUARE
4,3,0,S,6,10,CIRCLE
4,4,1,S,6,10,CIRCLE
4,5,1,S,6,10,TRIANGLE
4,6,0,S,6,10,TRIANGLE
4,7,0,S,6,10,TRIANGLE
4,8,1,S,6,10,TRIANGLE
4,9,0,S,8,10,SQUARE
4,10,1,S,8,10,SQUARE
4,11,1,S,8,10,SQUARE
4,12,0,S,4,6,CIRCLE
4,13,0,S,4,6,CIRCLE
4,14,1,S,4,6,CIRCLE
4,15,0,S,4,10,TRIANGLE
4,16,1,S,4,10,TRIANGLE
4,17,0,S,4,10,TRIANGLE
4,18,0,S,4,10,TRIANGLE
4,19,1,S,4,10,TRIANGLE
4,20,0,S,4,10,STAR
4,21,1,S,4,10,STAR
4,22,0,S,4,10,STAR
4,23,1,S,4,10,STAR
4,24,0,S,4,8,TRIANGLE
4,25,1,S,4,8,TRIANGLE
4,26,0,S,4,8,TRIANGLE
4,27,0,S,4,8,TRIANGLE
4,28,1,S,4,6,SQUARE
4,29,1,S,4,6,SQUARE
4,30,1,S,4,6,SQUARE
4,31,1,S,4,6,SQUARE
4,32,1,S,4,6,CIRCLE
4,33,1,S,4,6,CIRCLE
4,34,1,S,4,6,CIRCLE
4,35,1,S,4,6,CIRCLE
4,36,1,S,6,8,TRIANGLE
4,37,1,S,6,8,TRIANGLE
4,38,1,S,6,8,TRIANGLE
4,39,1,S,4,8,STAR
4,40,1,S,4,8,STAR
4,41,0,S,6,10,SQUARE
4,42,1,S,6,10,SQUARE
4,43,1,S,6,10,SQUARE
4,44,1,S,4,8,CIRCLE
4,45,1,S,4,8,CIRCLE
4,46,0,S,4,8,CIRCLE
4,47,1,S,4,8,CIRCLE
4,48,0,S,8,10,TRIANGLE
4,49,1,S,8,10,TRIANGLE
4,50,1,S,4,6,CIRCLE
4,51,1,S,4,6,CIRCLE
4,52,1,S,4,6,CIRCLE
4,53,1,S,4,6,CIRCLE
4,54,0,S,4,6,CIRCLE
4,55,0,S,6,8,SQUARE
4,56,1,S,6,8,SQUARE
4,57,0,S,6,8,SQUARE
4,58,1,S,6,8,SQUARE
4,59,1,S,6,8,SQUARE
4,60,0,S,4,10,CIRCLE
4,61,0,S,4,10,CIRCLE
4,62,1,S,4,10,CIRCLE
4,63,1,S,6,10,STAR
4,64,1,S,6,10,STAR
4,65,0,S,6,10,STAR
4,66,1,S,4,8,TRIANGLE
4,67,0,S,4,8,TRIANGLE
4,68,1,S,4,8,TRIANGLE
4,69,1,S,6,8,STAR
4,70,0,S,6,8,STAR
4,71,1,S,6,8,STAR
4,72,1,S,6,8,STAR
4,73,1,S,6,8,STAR
4,74,0,S,6,8,TRIANGLE
4,75,0,S,6,8,TRIANGLE
4,76,1,S,6,8,TRIANGLE
4,77,0,S,6,8,TRIANGLE
4,78,0,S,4,10,STAR
4,79,1,S,4,10,STAR
4,80,0,S,4,10,STAR
4,81,1,S,4,6,CIRCLE
4,82,1,S,4,6,CIRCLE
4,83,1,S,4,6,CIRCLE
4,84,0,S,4,6,SQUARE
4,85,1,S,4,6,SQUARE
4,86,1,S,4,6,SQUARE
4,87,1,S,4,6,SQUARE
4,88,0,S,8,10,CIRCLE
4,89,0,S,8,10,CIRCLE
4,90,0,S,8,10,CIRCLE
4,91,1,S,8,10,CIRCLE
4,92,1,S,8,10,CIRCLE
4,93,0,S,8,10,CIRCLE
4,94,0,S,6,10,TRIANGLE
4,95,1,S,6,10,TRIANGLE
4,96,1,S,6,10,TRIANGLE
4,97,0,S,6,10,TRIANGLE
4,98,1,S,4,6,SQUARE
4,99,1,S,4,6,SQUARE
4,100,1,S,4,6,SQUARE
5,1,0,S,4,8,TRIANGLE
5,2,1,S,4,8,TRIANGLE
5,3,1,S,4,8,TRIANGLE
5,4,1,S,4,8,TRIANGLE
5,5,1,S,4,10,STAR
5,6,0,S,4,10,STAR
5,7,1,S,4,10,STAR
5,8,0,S,4,10,STAR
5,9,0,S,4,10,STAR
5,10,0,S,6,10,CIRCLE
5,11,1,S,6,10,CIRCLE
5,12,0,S,6,10,CIRCLE
5,13,1,S,6,10,CIRCLE
5,14,1,S,4,10,SQUARE
5,15,1,S,4,10,SQUARE
5,16,0,S,4,10,SQUARE
5,17,0,S,4,6,STAR
5,18,0,S,4,6,STAR
5,19,0,S,4,6,STAR
5,20,1,S,4,6,STAR
5,21,1,S,4,6,STAR
5,22,0,S,6,8,SQUARE
5,23,1,S,6,8,SQUARE
5,24,0,S,6,8,SQUARE
5,25,0,S,6,8,SQUARE
5,26,1,S,6,8,SQUARE
5,27,1,S,6,8,SQUARE
5,28,1,S,6,8,CIRCLE
5,29,1,S,6,8,CIRCLE
5,30,1,S,6,8,CIRCLE
5,31,0,S,6,8,CIRCLE
5,32,1,S,6,8,CIRCLE
5,33,0,S,4,10,TRIANGLE
5,34,1,S,4,10,TRIANGLE
5,35,0,S,4,10,TRIANGLE
5,36,0,S,4,10,TRIANGLE
5,37,1,S,4,10,TRIANGLE
5,38,1,S,6,8,STAR
5,39,0,S,6,8,STAR
5,40,0,S,6,8,STAR
5,41,1,S,6,8,STAR
5,42,0,S,6,8,STAR
5,43,0,S,8,10,TRIANGLE
5,44,1,S,8,10,TRIANGLE
5,45,1,S,8,10,TRIANGLE
5,46,0,S,8,10,TRIANGLE
5,47,1,S,6,10,SQUARE
5,48,1,S,6,10,SQUARE
5,49,0,S,6,10,SQUARE
5,50,1,S,6,10,SQUARE
5,51,1,S,4,6,CIRCLE
5,52,0,S,4,6,CIRCLE
5,53,1,S,4,6,CIRCLE
5,54,0,S,4,6,CIRCLE
5,55,0,S,4,6,CIRCLE
5,56,1,S,4,6,CIRCLE
5,57,0,S,4,6,CIRCLE
5,58,1,S,6,8,SQUARE
5,59,1,S,6,8,SQUARE
5,60,0,S,6,8,SQUARE
5,61,0,S,6,8,SQUARE
5,62,0,S,4,8,CIRCLE
5,63,1,S,4,8,CIRCLE
5,64,0,S,4,8,CIRCLE
5,65,1,S,4,8,STAR
5,66,1,S,4,8,STAR
5,67,1,S,4,8,STAR
5,68,0,S,4,8,STAR
5,69,0,S,6,10,TRIANGLE
5,70,1,S,6,10,TRIANGLE
5,71,1,S,6,10,TRIANGLE
5,72,1,S,6,10,TRIANGLE
5,73,0,S,6,10,TRIANGLE
5,74,1,S,8,10,SQUARE
5,75,1,S,8,10,SQUARE
5,76,1,S,8,10,SQUARE
5,77,0,S,8,10,SQUARE
5,78,1,S,4,8,TRIANGLE
5,79,1,S,4,8,TRIANGLE
5,80,0,S,4,8,TRIANGLE
5,81,0,S,6,8,STAR
5,82,1,S,6,8,STAR
5,83,0,S,6,8,STAR
5,84,1,S,4,10,SQUARE
5,85,0,S,4,10,SQUARE
5,86,1,S,4,10,SQUARE
5,87,1,S,4,8,CIRCLE
5,88,0,S,4,8,CIRCLE
5,89,1,S,4,8,CIRCLE
5,90,0,S,4,8,CIRCLE
5,91,0,S,4,6,TRIANGLE
5,92,1,S,4,6,TRIANGLE
5,93,0,S,4,6,SQUARE
5,94,1,S,4,6,SQUARE
5,95,1,S,4,6,SQUARE
5,96,0,S,4,6,SQUARE
5,97,1,S,6,10,CIRCLE
5,98,0,S,6,10,CIRCLE
5,99,1,S,6,10,CIRCLE
5,100,1,S,6,10,CIRCLE
6,1,0,S,6,8,SQUARE
6,2,0,S,6,8,SQUARE
6,3,1,S,4,10,CIRCLE
6,4,1,S,4,10,CIRCLE
6,5,0,S,4,8,TRIANGLE
6,6,1,S,4,8,TRIANGLE
6,7,1,S,8,10,SQUARE
6,8,1,S,8,10,SQUARE
6,9,0,S,8,10,STAR
6,10,0,S,8,10,STAR
6,11,0,S,6,8,CIRCLE
6,12,1,S,6,8,CIRCLE
6,13,1,S,6,8,CIRCLE
6,14,1,S,4,6,STAR
6,15,1,S,4,6,STAR
6,16,0,S,4,6,STAR
6,17,1,S,4,6,STAR
6,18,0,S,4,8,TRIANGLE
6,19,0,S,4,8,TRIANGLE
6,20,1,S,4,8,TRIANGLE
6,21,1,S,4,8,TRIANGLE
6,22,1,S,8,10,CIRCLE
6,23,0,S,8,10,CIRCLE
6,24,1,S,8,10,CIRCLE
6,25,0,S,8,10,CIRCLE
6,26,0,S,4,6,SQUARE
6,27,0,S,4,6,SQUARE
6,28,1,S,4,6,SQUARE
6,29,1,S,4,6,SQUARE
6,30,1,S,6,8,STAR
6,31,0,S,6,8,STAR
6,32,0,S,4,8,SQUARE
6,33,1,S,4,8,SQUARE
6,34,0,S,4,8,SQUARE
6,35,1,S,4,8,SQUARE
6,36,0,S,4,6,CIRCLE
6,37,1,S,4,6,CIRCLE
6,38,1,S,4,6,CIRCLE
6,39,1,S,4,6,CIRCLE
6,40,0,S,6,10,STAR
6,41,0,S,6,10,STAR
6,42,1,S,6,10,STAR
6,43,0,S,6,8,TRIANGLE
6,44,1,S,6,8,TRIANGLE
6,45,0,S,6,8,TRIANGLE
6,46,1,S,4,6,STAR
6,47,1,S,4,6,STAR
6,48,1,S,4,6,STAR
6,49,1,S,6,8,TRIANGLE
6,50,1,S,6,8,TRIANGLE
6,51,1,S,6,8,TRIANGLE
6,52,1,S,6,8,TRIANGLE
6,53,0,S,8,10,CIRCLE
6,54,1,S,8,10,CIRCLE
6,55,1,S,8,10,CIRCLE
6,56,1,S,4,10,STAR
6,57,1,S,4,10,STAR
6,58,1,S,4,10,STAR
6,59,1,S,8,10,TRIANGLE
6,60,1,S,8,10,TRIANGLE
6,61,1,S,8,10,TRIANGLE
6,62,0,S,4,10,CIRCLE
6,63,0,S,4,10,CIRCLE
6,64,0,S,4,10,CIRCLE
6,65,1,S,4,10,CIRCLE
6,66,1,S,4,6,TRIANGLE
6,67,1,S,4,6,TRIANGLE
6,68,1,S,6,8,SQUARE
6,69,1,S,6,8,SQUARE
6,70,0,S,6,8,SQUARE
6,71,1,S,4,6,CIRCLE
6,72,0,S,4,6,CIRCLE
6,73,0,S,4,6,CIRCLE
6,74,1,S,4,6,CIRCLE
6,75,1,S,4,10,SQUARE
6,76,1,S,4,10,SQUARE
6,77,1,S,4,10,SQUARE
6,78,1,S,4,8,STAR
6,79,0,S,4,8,STAR
6,80,1,S,6,10,TRIANGLE
6,81,0,S,6,10,TRIANGLE
6,82,1,S,6,10,TRIANGLE
6,83,1,S,8,10,SQUARE
6,84,0,S,8,10,SQUARE
6,85,0,S,6,8,CIRCLE
6,86,1,S,6,8,CIRCLE
6,87,1,S,6,8,CIRCLE
6,88,0,S,4,8,TRIANGLE
6,89,1,S,4,8,TRIANGLE
6,90,1,S,4,8,TRIANGLE
6,91,1,S,4,8,TRIANGLE
6,92,1,S,6,10,SQUARE
6,93,1,S,6,10,SQUARE
6,94,1,S,6,10,SQUARE
6,95,1,S,4,6,CIRCLE
6,96,1,S,4,6,CIRCLE
6,97,1,S,4,6,CIRCLE
6,98,1,S,4,6,CIRCLE
6,99,1,S,8,10,STAR
6,100,1,S,8,10,STAR
7,1,1,S,4,10,SQUARE
7,2,1,S,4,10,SQUARE
7,3,0,S,4,10,SQUARE
7,4,0,S,4,10,SQUARE
7,5,0,S,4,10,SQUARE
7,6,0,S,4,10,SQUARE
7,7,0,S,4,10,SQUARE
7,8,0,S,4,10,SQUARE
7,9,0,S,4,10,SQUARE
7,10,1,S,4,10,SQUARE
7,11,1,S,8,10,TRIANGLE
7,12,0,S,8,10,TRIANGLE
7,13,1,S,8,10,TRIANGLE
7,14,0,S,8,10,TRIANGLE
7,15,1,S,8,10,TRIANGLE
7,16,0,S,8,10,TRIANGLE
7,17,1,S,8,10,TRIANGLE
7,18,0,S,8,10,TRIANGLE
7,19,0,S,8,10,TRIANGLE
7,20,0,S,8,10,TRIANGLE
7,21,0,S,4,6,CIRCLE
7,22,1,S,4,6,CIRCLE
7,23,1,S,4,6,CIRCLE
7,24,1,S,4,6,CIRCLE
7,25,1,S,4,6,CIRCLE
7,26,1,S,4,6,CIRCLE
7,27,1,S,4,8,STAR
7,28,0,S,4,8,STAR
7,29,1,S,4,8,STAR
7,30,1,S,4,8,STAR
7,31,0,S,4,8,STAR
7,32,0,S,4,8,STAR
7,33,0,S,4,8,STAR
7,34,0,S,4,8,STAR
7,35,0,S,4,8,STAR
7,36,1,S,4,8,STAR
7,37,1,S,6,8,SQUARE
7,38,1,S,6,8,SQUARE
7,39,1,S,6,8,SQUARE
7,40,1,S,6,8,SQUARE
7,41,1,S,6,8,SQUARE
7,42,1,S,6,10,TRIANGLE
7,43,0,S,6,10,TRIANGLE
7,44,0,S,6,10,TRIANGLE
7,45,0,S,6,10,TRIANGLE
7,46,1,S,6,10,TRIANGLE
7,47,0,S,6,10,TRIANGLE
7,48,1,S,6,10,TRIANGLE
7,49,1,S,6,10,TRIANGLE
7,50,1,S,6,10,TRIANGLE
7,51,1,S,4,8,CIRCLE
7,52,0,S,4,8,CIRCLE
7,53,1,S,4,8,CIRCLE
7,54,0,S,4,8,CIRCLE
7,55,0,S,4,8,CIRCLE
7,56,1,S,4,8,CIRCLE
7,57,1,S,4,8,CIRCLE
7,58,0,S,4,8,CIRCLE
7,59,1,S,4,8,CIRCLE
7,60,1,S,6,8,STAR
7,61,1,S,6,8,STAR
7,62,0,S,6,8,STAR
7,63,0,S,6,8,STAR
7,64,0,S,6,8,STAR
7,65,0,S,6,8,STAR
7,66,0,S,6,8,STAR
7,67,0,S,6,8,STAR
7,68,1,S,6,8,STAR
7,69,1,S,8,10,SQUARE
7,70,1,S,8,10,SQUARE
7,71,0,S,8,10,SQUARE
7,72,0,S,8,10,SQUARE
7,73,1,S,8,10,SQUARE
7,74,1,S,8,10,SQUARE
7,75,1,S,4,8,TRIANGLE
7,76,1,S,4,8,TRIANGLE
7,77,0,S,4,8,TRIANGLE
7,78,1,S,4,8,TRIANGLE
7,79,0,S,4,8,TRIANGLE
7,80,1,S,4,8,TRIANGLE
7,81,1,S,6,10,CIRCLE
7,82,1,S,6,10,CIRCLE
7,83,1,S,6,10,CIRCLE
7,84,1,S,6,10,CIRCLE
7,85,1,S,6,10,CIRCLE
7,86,1,S,6,8,STAR
7,87,1,S,6,8,STAR
7,88,1,S,6,8,STAR
7,89,1,S,6,8,STAR
7,90,1,S,4,8,SQUARE
7,91,1,S,4,8,SQUARE
7,92,1,S,4,8,SQUARE
7,93,1,S,4,8,SQUARE
7,94,1,S,4,8,SQUARE
7,95,1,S,4,10,TRIANGLE
7,96,1,S,4,10,TRIANGLE
7,97,1,S,4,10,TRIANGLE
7,98,1,S,4,10,TRIANGLE
7,99,1,S,4,10,CIRCLE
7,100,1,S,4,10,CIRCLE
8,1,1,S,4,10,CIRCLE
8,2,0,S,4,10,CIRCLE
8,3,0,S,4,10,CIRCLE
8,4,1,S,4,10,CIRCLE
8,5,0,S,6,10,SQUARE
8,6,1,S,6,10,SQUARE
8,7,1,S,6,10,SQUARE
8,8,0,S,6,8,TRIANGLE
8,9,0,S,6,8,TRIANGLE
8,10,1,S,6,8,TRIANGLE
8,11,0,S,6,8,TRIANGLE
8,12,0,S,6,8,TRIANGLE
8,13,0,S,6,8,TRIANGLE
8,14,0,S,6,8,TRIANGLE
8,15,0,S,6,8,TRIANGLE
8,16,1,S,6,8,TRIANGLE
8,17,0,S,6,8,CIRCLE
8,18,1,S,6,8,CIRCLE
8,19,1,S,6,8,CIRCLE
8,20,1,S,6,8,CIRCLE
8,21,1,S,6,8,CIRCLE
8,22,0,S,6,8,CIRCLE
8,23,0,S,6,8,CIRCLE
8,24,0,S,6,8,CIRCLE
8,25,1,S,4,8,STAR
8,26,0,S,4,8,STAR
8,27,1,S,4,8,STAR
8,28,1,S,4,8,STAR
8,29,1,S,4,8,STAR
8,30,0,S,4,8,STAR
8,31,1,S,6,10,SQUARE
8,32,0,S,6,10,SQUARE
8,33,1,S,6,10,SQUARE
8,34,1,S,6,10,SQUARE
8,35,0,S,4,10,TRIANGLE
8,36,1,S,4,10,TRIANGLE
8,37,0,S,4,10,TRIANGLE
8,38,1,S,4,10,TRIANGLE
8,39,0,S,4,10,CIRCLE
8,40,0,S,4,10,CIRCLE
8,41,1,S,4,10,CIRCLE
8,42,0,S,4,10,CIRCLE
8,43,1,S,4,10,CIRCLE
8,44,0,S,4,10,CIRCLE
8,45,1,S,4,10,CIRCLE
8,46,0,S,4,10,CIRCLE
8,47,1,S,4,10,CIRCLE
8,48,1,S,4,10,CIRCLE
8,49,0,S,4,10,STAR
8,50,1,S,4,10,STAR
8,51,1,S,4,10,STAR
8,52,0,S,4,10,STAR
8,53,0,S,4,10,STAR
8,54,0,S,4,10,STAR
8,55,0,S,4,10,STAR
8,56,0,S,4,10,STAR
8,57,0,S,4,10,STAR
8,58,0,S,4,10,STAR
8,59,1,S,4,10,STAR
8,60,0,S,4,8,SQUARE
8,61,0,S,4,8,SQUARE
8,62,1,S,4,8,SQUARE
8,63,0,S,4,8,SQUARE
8,64,1,S,4,8,SQUARE
8,65,0,S,4,8,SQUARE
8,66,0,S,4,8,SQUARE
8,67,0,S,4,8,SQUARE
8,68,0,S,4,8,SQUARE
8,69,1,S,4,8,SQUARE
8,70,1,S,4,8,SQUARE
8,71,0,S,4,6,TRIANGLE
8,72,1,S,4,6,TRIANGLE
8,73,1,S,4,6,TRIANGLE
8,74,1,S,4,6,TRIANGLE
8,75,1,S,4,6,TRIANGLE
8,76,0,S,6,8,CIRCLE
8,77,0,S,6,8,CIRCLE
8,78,1,S,6,8,CIRCLE
8,79,1,S,6,8,CIRCLE
8,80,1,S,6,8,CIRCLE
8,81,1,S,8,10,STAR
8,82,1,S,8,10,STAR
8,83,1,S,8,10,STAR
8,84,1,S,8,10,STAR
8,85,0,S,8,10,STAR
8,86,0,S,8,10,STAR
8,87,1,S,8,10,STAR
8,88,1,S,6,8,SQUARE
8,89,1,S,6,8,SQUARE
8,90,1,S,6,8,SQUARE
8,91,1,S,4,6,TRIANGLE
8,92,1,S,4,6,TRIANGLE
8,93,0,S,4,6,TRIANGLE
8,94,0,S,4,6,TRIANGLE
8,95,1,S,4,6,TRIANGLE
8,96,1,S,4,8,CIRCLE
8,97,0,S,4,8,CIRCLE
8,98,1,S,4,8,CIRCLE
8,99,1,S,4,8,CIRCLE
8,100,1,S,4,8,CIRCLE
9,1,0,S,6,8,SQUARE
9,2,1,S,6,8,SQUARE
9,3,1,S,6,8,SQUARE
9,4,0,S,6,8,SQUARE
9,5,1,S,6,8,SQUARE
9,6,0,S,4,10,TRIANGLE
9,7,1,S,4,10,TRIANGLE
9,8,1,S,6,8,CIRCLE
9,9,1,S,6,8,CIRCLE
9,10,0,S,6,8,CIRCLE
9,11,0,S,6,10,STAR
9,12,0,S,6,10,STAR
9,13,0,S,6,10,STAR
9,14,0,S,6,10,STAR
9,15,0,S,6,10,STAR
9,16,1,S,6,10,STAR
9,17,1,S,6,10,STAR
9,18,1,S,6,10,STAR
9,19,1,S,6,10,STAR
9,20,1,S,4,10,SQUARE
9,21,1,S,4,10,SQUARE
9,22,1,S,4,10,SQUARE
9,23,1,S,4,8,TRIANGLE
9,24,1,S,4,8,TRIANGLE
9,25,1,S,4,8,TRIANGLE
9,26,1,S,6,8,CIRCLE
9,27,1,S,6,8,CIRCLE
9,28,1,S,6,8,CIRCLE
9,29,1,S,6,8,CIRCLE
9,30,1,S,4,6,CIRCLE
9,31,1,S,4,6,CIRCLE
9,32,0,S,4,6,CIRCLE
9,33,0,S,4,6,CIRCLE
9,34,1,S,4,6,CIRCLE
9,35,0,S,4,6,CIRCLE
9,36,0,S,4,6,CIRCLE
9,37,0,S,4,6,CIRCLE
9,38,0,S,4,6,CIRCLE
9,39,0,S,4,6,CIRCLE
9,40,0,S,4,6,CIRCLE
9,41,1,S,4,6,CIRCLE
9,42,0,S,6,10,STAR
9,43,0,S,6,10,STAR
9,44,1,S,6,10,STAR
9,45,0,S,6,10,STAR
9,46,0,S,6,10,STAR
9,47,0,S,6,10,STAR
9,48,1,S,6,10,STAR
9,49,0,S,6,10,SQUARE
9,50,1,S,6,10,SQUARE
9,51,1,S,6,10,SQUARE
9,52,1,S,6,10,SQUARE
9,53,1,S,6,10,SQUARE
9,54,0,S,8,10,TRIANGLE
9,55,0,S,8,10,TRIANGLE
9,56,1,S,8,10,TRIANGLE
9,57,0,S,8,10,TRIANGLE
9,58,1,S,8,10,TRIANGLE
9,59,0,S,8,10,TRIANGLE
9,60,1,S,8,10,TRIANGLE
9,61,0,S,8,10,CIRCLE
9,62,1,S,8,10,CIRCLE
9,63,0,S,8,10,CIRCLE
9,64,1,S,8,10,CIRCLE
9,65,1,S,8,10,CIRCLE
9,66,0,S,4,6,STAR
9,67,1,S,4,6,STAR
9,68,1,S,4,6,STAR
9,69,1,S,4,6,STAR
9,70,1,S,4,6,STAR
9,71,1,S,8,10,SQUARE
9,72,0,S,8,10,SQUARE
9,73,0,S,8,10,SQUARE
9,74,1,S,8,10,SQUARE
9,75,1,S,6,8,TRIANGLE
9,76,1,S,6,8,TRIANGLE
9,77,0,S,6,8,TRIANGLE
9,78,1,S,6,8,TRIANGLE
9,79,1,S,4,6,CIRCLE
9,80,1,S,4,6,CIRCLE
9,81,1,S,4,6,CIRCLE
9,82,1,S,4,6,CIRCLE
9,83,1,S,4,6,CIRCLE
9,84,1,S,4,6,CIRCLE
9,85,1,S,4,10,STAR
9,86,1,S,4,10,STAR
9,87,0,S,4,10,STAR
9,88,1,S,4,10,STAR
9,89,0,S,4,8,SQUARE
9,90,1,S,4,8,SQUARE
9,91,0,S,4,8,SQUARE
9,92,0,S,4,8,SQUARE
9,93,1,S,4,8,SQUARE
9,94,0,S,4,8,SQUARE
9,95,1,S,4,8,SQUARE
9,96,1,S,4,8,SQUARE
9,97,0,S,4,8,SQUARE
9,98,0,S,4,8,SQUARE
9,99,1,S,4,8,SQUARE
9,100,1,S,4,8,SQUARE
10,1,1,A,4,10,SQUARE
10,2,0,A,4,10,SQUARE
10,3,0,A,4,10,SQUARE
10,4,0,A,4,10,SQUARE
10,5,0,A,4,10,SQUARE
10,6,0,A,4,10,SQUARE
10,7,0,A,4,10,SQUARE
10,8,0,A,4,10,SQUARE
10,9,0,A,4,10,SQUARE
10,10,0,A,4,10,SQUARE
10,11,1,A,4,10,SQUARE
10,12,1,A,4,10,SQUARE
10,13,1,A,4,10,SQUARE
10,14,1,A,4,10,SQUARE
10,15,0,A,4,10,SQUARE
10,16,0,A,4,10,SQUARE
10,17,0,A,4,10,SQUARE
10,18,0,A,4,10,SQUARE
10,19,1,A,4,10,SQUARE
10,20,0,A,4,8,TRIANGLE
10,21,0,A,4,8,TRIANGLE
10,22,0,A,4,8,TRIANGLE
10,23,1,A,4,8,TRIANGLE
10,24,1,A,4,8,TRIANGLE
10,25,0,A,4,8,TRIANGLE
10,26,0,A,4,8,TRIANGLE
10,27,0,A,4,8,TRIANGLE
10,28,1,A,4,8,TRIANGLE
10,29,0,A,4,8,TRIANGLE
10,30,0,A,4,8,TRIANGLE
10,31,1,A,4,10,CIRCLE
10,32,0,A,4,10,CIRCLE
10,33,0,A,4,10,CIRCLE
10,34,0,A,4,10,CIRCLE
10,35,0,A,4,10,CIRCLE
10,36,1,A,4,10,CIRCLE
10,37,0,A,4,10,CIRCLE
10,38,1,A,4,10,CIRCLE
10,39,0,A,6,8,STAR
10,40,0,A,6,8,STAR
10,41,1,A,6,8,STAR
10,42,0,A,6,8,STAR
10,43,0,A,6,8,STAR
10,44,0,A,6,8,STAR
10,45,0,A,6,8,STAR
10,46,1,A,6,8,STAR
10,47,1,A,6,8,STAR
10,48,1,A,6,8,STAR
10,49,0,A,6,8,STAR
10,50,0,A,6,8,STAR
10,51,1,A,6,8,STAR
10,52,0,A,8,10,SQUARE
10,53,1,A,8,10,SQUARE
10,54,0,A,8,10,SQUARE
10,55,0,A,8,10,SQUARE
10,56,0,A,8,10,SQUARE
10,57,0,A,8,10,SQUARE
10,58,1,A,8,10,SQUARE
10,59,1,A,8,10,SQUARE
10,60,1,A,8,10,SQUARE
10,61,1,A,4,8,TRIANGLE
10,62,1,A,4,8,TRIANGLE
10,63,1,A,4,8,TRIANGLE
10,64,1,A,4,8,TRIANGLE
10,65,0,A,4,8,TRIANGLE
10,66,1,A,6,8,CIRCLE
10,67,0,A,6,8,CIRCLE
10,68,0,A,6,8,CIRCLE
10,69,0,A,6,8,CIRCLE
10,70,1,A,6,8,CIRCLE
10,71,0,A,6,8,CIRCLE
10,72,1,A,6,8,CIRCLE
10,73,0,A,4,10,STAR
10,74,0,A,4,10,STAR
10,75,0,A,4,10,STAR
10,76,0,A,4,10,STAR
10,77,0,A,4,10,STAR
10,78,0,A,4,10,STAR
10,79,0,A,4,10,STAR
10,80,0,A,4,10,STAR
10,81,1,A,4,10,STAR
10,82,1,A,4,10,STAR
10,83,1,A,4,10,STAR
10,84,1,A,4,10,STAR
10,85,1,A,4,8,SQUARE
10,86,1,A,4,8,SQUARE
10,87,1,A,4,8,SQUARE
10,88,0,A,4,6,TRIANGLE
10,89,1,A,4,6,TRIANGLE
10,90,0,A,4,6,TRIANGLE
10,91,0,A,4,6,TRIANGLE
10,92,1,A,4,6,TRIANGLE
10,93,1,A,4,6,TRIANGLE
10,94,1,A,4,6,TRIANGLE
10,95,1,A,8,10,CIRCLE
10,96,1,A,8,10,CIRCLE
10,97,1,A,8,10,CIRCLE
10,98,1,A,8,10,CIRCLE
10,99,1,A,8,10,CIRCLE
10,100,0,A,8,10,CIRCLE
11,1,0,A,6,10,SQUARE
11,2,0,A,6,10,SQUARE
11,3,0,A,6,10,SQUARE
11,4,0,A,6,10,SQUARE
11,5,0,A,6,10,SQUARE
11,6,0,A,6,10,SQUARE
11,7,1,A,6,10,SQUARE
11,8,0,A,6,10,SQUARE
11,9,1,A,6,10,SQUARE
11,10,0,A,4,8,TRIANGLE
11,11,0,A,4,8,TRIANGLE
11,12,1,A,4,8,TRIANGLE
11,13,0,A,4,8,TRIANGLE
11,14,1,A,4,8,TRIANGLE
11,15,1,A,4,8,TRIANGLE
11,16,1,A,4,8,TRIANGLE
11,17,0,A,4,8,TRIANGLE
11,18,0,A,4,8,TRIANGLE
11,19,0,A,4,8,TRIANGLE
11,20,0,A,4,8,TRIANGLE
11,21,0,A,4,8,TRIANGLE
11,22,1,A,4,8,TRIANGLE
11,23,0,A,4,8,TRIANGLE
11,24,1,A,4,8,TRIANGLE
11,25,1,A,4,6,CIRCLE
11,26,0,A,4,6,CIRCLE
11,27,0,A,4,6,CIRCLE
11,28,0,A,4,6,CIRCLE
11,29,0,A,4,6,CIRCLE
11,30,0,A,4,6,CIRCLE
11,31,0,A,4,6,CIRCLE
11,32,0,A,4,6,CIRCLE
11,33,1,A,4,6,CIRCLE
11,34,1,A,4,6,CIRCLE
11,35,0,A,6,8,STAR
11,36,1,A,6,8,STAR
11,37,1,A,6,8,STAR
11,38,0,A,6,8,STAR
11,39,1,A,6,8,STAR
11,40,0,A,6,8,STAR
11,41,1,A,6,8,STAR
11,42,1,A,8,10,SQUARE
11,43,1,A,8,10,SQUARE
11,44,1,A,8,10,SQUARE
11,45,1,A,8,10,SQUARE
11,46,1,A,8,10,SQUARE
11,47,1,A,4,8,TRIANGLE
11,48,0,A,4,8,TRIANGLE
11,49,1,A,4,8,TRIANGLE
11,50,1,A,4,8,TRIANGLE
11,51,1,A,6,8,CIRCLE
11,52,1,A,6,8,CIRCLE
11,53,1,A,6,8,CIRCLE
11,54,1,A,8,10,STAR
11,55,1,A,8,10,STAR
11,56,0,A,8,10,STAR
11,57,1,A,8,10,STAR
11,58,1,A,8,10,STAR
11,59,1,A,8,10,STAR
11,60,1,A,6,10,SQUARE
11,61,1,A,6,10,SQUARE
11,62,1,A,6,10,SQUARE
11,63,1,A,4,6,TRIANGLE
11,64,1,A,4,6,TRIANGLE
11,65,1,A,4,6,TRIANGLE
11,66,1,A,4,6,TRIANGLE
11,67,0,A,4,6,TRIANGLE
11,68,1,A,4,6,TRIANGLE
11,69,0,A,6,10,CIRCLE
11,70,0,A,6,10,CIRCLE
11,71,1,A,6,10,CIRCLE
11,72,1,A,6,10,CIRCLE
11,73,1,A,6,10,CIRCLE
11,74,1,A,6,10,CIRCLE
11,75,1,A,6,10,STAR
11,76,1,A,6,10,STAR
11,77,1,A,6,10,STAR
11,78,1,A,4,8,SQUARE
11,79,1,A,4,8,SQUARE
11,80,1,A,4,8,SQUARE
11,81,0,A,4,8,SQUARE
11,82,0,A,4,8,SQUARE
11,83,1,A,4,8,SQUARE
11,84,1,A,4,8,SQUARE
11,85,1,A,4,8,SQUARE
11,86,0,A,4,8,SQUARE
11,87,1,A,4,8,SQUARE
11,88,1,A,4,8,SQUARE
11,89,1,A,4,8,TRIANGLE
11,90,0,A,4,8,TRIANGLE
11,91,0,A,4,8,TRIANGLE
11,92,0,A,4,8,TRIANGLE
11,93,1,A,4,8,TRIANGLE
11,94,1,A,4,8,TRIANGLE
11,95,1,A,6,10,CIRCLE
11,96,1,A,6,10,CIRCLE
11,97,1,A,6,10,CIRCLE
11,98,1,A,6,10,CIRCLE
11,99,1,A,6,10,CIRCLE
11,100,1,A,6,10,CIRCLE
12,1,0,A,6,10,SQUARE
12,2,0,A,6,10,SQUARE
12,3,0,A,6,10,SQUARE
12,4,0,A,6,10,SQUARE
12,5,0,A,6,10,SQUARE
12,6,0,A,6,10,SQUARE
12,7,1,A,6,10,SQUARE
12,8,0,A,6,10,SQUARE
12,9,1,A,6,10,SQUARE
12,10,0,A,4,8,TRIANGLE
12,11,0,A,4,8,TRIANGLE
12,12,1,A,4,8,TRIANGLE
12,13,0,A,4,8,TRIANGLE
12,14,1,A,4,8,TRIANGLE
12,15,1,A,4,8,TRIANGLE
12,16,1,A,4,8,TRIANGLE
12,17,0,A,4,8,TRIANGLE
12,18,0,A,4,8,TRIANGLE
12,19,0,A,4,8,TRIANGLE
12,20,0,A,4,8,TRIANGLE
12,21,0,A,4,8,TRIANGLE
12,22,1,A,4,8,TRIANGLE
12,23,0,A,4,8,TRIANGLE
12,24,1,A,4,8,TRIANGLE
12,25,1,A,4,6,CIRCLE
12,26,0,A,4,6,CIRCLE
12,27,0,A,4,6,CIRCLE
12,28,0,A,4,6,CIRCLE
12,29,0,A,4,6,CIRCLE
12,30,0,A,4,6,CIRCLE
12,31,0,A,4,6,CIRCLE
12,32,0,A,4,6,CIRCLE
12,33,1,A,4,6,CIRCLE
12,34,1,A,4,6,CIRCLE
12,35,0,A,6,8,STAR
12,36,1,A,6,8,STAR
12,37,1,A,6,8,STAR
12,38,0,A,6,8,STAR
12,39,1,A,6,8,STAR
12,40,0,A,6,8,STAR
12,41,1,A,6,8,STAR
12,42,1,A,8,10,SQUARE
12,43,1,A,8,10,SQUARE
12,44,1,A,8,10,SQUARE
12,45,1,A,8,10,SQUARE
12,46,1,A,8,10,SQUARE
12,47,1,A,4,8,TRIANGLE
12,48,0,A,4,8,TRIANGLE
12,49,1,A,4,8,TRIANGLE
12,50,1,A,4,8,TRIANGLE
12,51,1,A,6,8,CIRCLE
12,52,1,A,6,8,CIRCLE
12,53,1,A,6,8,CIRCLE
12,54,1,A,8,10,STAR
12,55,1,A,8,10,STAR
12,56,0,A,8,10,STAR
12,57,1,A,8,10,STAR
12,58,1,A,8,10,STAR
12,59,1,A,8,10,STAR
12,60,1,A,6,10,SQUARE
12,61,1,A,6,10,SQUARE
12,62,1,A,6,10,SQUARE
12,63,1,A,4,6,TRIANGLE
12,64,1,A,4,6,TRIANGLE
12,65,1,A,4,6,TRIANGLE
12,66,1,A,4,6,TRIANGLE
12,67,0,A,4,6,TRIANGLE
12,68,1,A,4,6,TRIANGLE
12,69,0,A,6,10,CIRCLE
12,70,0,A,6,10,CIRCLE
12,71,1,A,6,10,CIRCLE
12,72,1,A,6,10,CIRCLE
12,73,1,A,6,10,CIRCLE
12,74,1,A,6,10,CIRCLE
12,75,1,A,6,10,STAR
12,76,1,A,6,10,STAR
12,77,1,A,6,10,STAR
12,78,1,A,4,8,SQUARE
12,79,1,A,4,8,SQUARE
12,80,1,A,4,8,SQUARE
12,81,0,A,4,8,SQUARE
12,82,0,A,4,8,SQUARE
12,83,1,A,4,8,SQUARE
12,84,1,A,4,8,SQUARE
12,85,1,A,4,8,SQUARE
12,86,0,A,4,8,SQUARE
12,87,1,A,4,8,SQUARE
12,88,1,A,4,8,SQUARE
12,89,1,A,4,8,TRIANGLE
12,90,0,A,4,8,TRIANGLE
12,91,0,A,4,8,TRIANGLE
12,92,0,A,4,8,TRIANGLE
12,93,1,A,4,8,TRIANGLE
12,94,1,A,4,8,TRIANGLE
12,95,1,A,6,10,CIRCLE
12,96,1,A,6,10,CIRCLE
12,97,1,A,6,10,CIRCLE
12,98,1,A,6,10,CIRCLE
12,99,1,A,6,10,CIRCLE
12,100,1,A,6,10,CIRCLE
13,1,1,A,4,8,SQUARE
13,2,1,A,4,8,SQUARE
13,3,1,A,4,10,TRIANGLE
13,4,0,A,4,10,TRIANGLE
13,5,0,A,4,10,TRIANGLE
13,6,0,A,4,10,TRIANGLE
13,7,0,A,4,10,TRIANGLE
13,8,0,A,4,10,TRIANGLE
13,9,1,A,4,10,TRIANGLE
13,10,1,A,4,10,TRIANGLE
13,11,1,A,4,8,CIRCLE
13,12,1,A,4,8,CIRCLE
13,13,1,A,4,8,CIRCLE
13,14,0,A,4,8,CIRCLE
13,15,0,A,4,8,CIRCLE
13,16,1,A,4,8,CIRCLE
13,17,1,A,4,8,CIRCLE
13,18,1,A,4,8,CIRCLE
13,19,1,A,6,8,STAR
13,20,1,A,6,8,STAR
13,21,1,A,6,8,STAR
13,22,1,A,6,8,STAR
13,23,0,A,8,10,SQUARE
13,24,0,A,8,10,SQUARE
13,25,0,A,8,10,SQUARE
13,26,1,A,8,10,SQUARE
13,27,0,A,8,10,SQUARE
13,28,1,A,8,10,SQUARE
13,29,0,A,8,10,SQUARE
13,30,1,A,8,10,SQUARE
13,31,1,A,8,10,SQUARE
13,32,0,A,8,10,TRIANGLE
13,33,0,A,8,10,TRIANGLE
13,34,0,A,8,10,TRIANGLE
13,35,1,A,8,10,TRIANGLE
13,36,1,A,8,10,TRIANGLE
13,37,0,A,6,10,CIRCLE
13,38,1,A,6,10,CIRCLE
13,39,1,A,6,10,CIRCLE
13,40,0,A,6,10,CIRCLE
13,41,0,A,6,10,CIRCLE
13,42,1,A,6,10,CIRCLE
13,43,0,A,6,10,CIRCLE
13,44,1,A,6,10,CIRCLE
13,45,1,A,4,6,STAR
13,46,1,A,4,6,STAR
13,47,1,A,4,6,STAR
13,48,1,A,4,6,STAR
13,49,1,A,4,6,STAR
13,50,0,A,4,8,SQUARE
13,51,0,A,4,8,SQUARE
13,52,0,A,4,8,SQUARE
13,53,1,A,4,8,SQUARE
13,54,1,A,4,8,SQUARE
13,55,0,A,4,8,SQUARE
13,56,0,A,4,8,SQUARE
13,57,1,A,4,8,SQUARE
13,58,1,A,6,10,TRIANGLE
13,59,1,A,6,10,TRIANGLE
13,60,1,A,6,10,TRIANGLE
13,61,0,A,6,10,TRIANGLE
13,62,1,A,6,10,TRIANGLE
13,63,1,A,8,10,CIRCLE
13,64,1,A,8,10,CIRCLE
13,65,1,A,8,10,CIRCLE
13,66,1,A,8,10,CIRCLE
13,67,1,A,6,10,STAR
13,68,0,A,6,10,STAR
13,69,1,A,6,10,STAR
13,70,1,A,6,10,STAR
13,71,0,A,4,6,SQUARE
13,72,1,A,4,6,SQUARE
13,73,1,A,4,6,SQUARE
13,74,1,A,4,6,SQUARE
13,75,1,A,4,6,SQUARE
13,76,1,A,4,10,TRIANGLE
13,77,1,A,4,10,TRIANGLE
13,78,0,A,4,10,TRIANGLE
13,79,1,A,4,10,TRIANGLE
13,80,0,A,4,10,TRIANGLE
13,81,0,A,4,10,TRIANGLE
13,82,0,A,4,10,TRIANGLE
13,83,0,A,4,10,TRIANGLE
13,84,0,A,4,10,TRIANGLE
13,85,1,A,4,10,TRIANGLE
13,86,0,A,6,10,CIRCLE
13,87,0,A,6,10,CIRCLE
13,88,1,A,6,10,CIRCLE
13,89,1,A,6,10,CIRCLE
13,90,0,A,6,10,CIRCLE
13,91,1,A,6,10,CIRCLE
13,92,1,A,6,10,CIRCLE
13,93,1,A,4,8,STAR
13,94,1,A,4,8,STAR
13,95,1,A,6,10,SQUARE
13,96,0,A,6,10,SQUARE
13,97,1,A,6,10,SQUARE
13,98,1,A,6,10,SQUARE
13,99,0,A,6,10,SQUARE
13,100,1,A,6,10,SQUARE
14,1,1,A,6,10,SQUARE
14,2,0,A,6,10,SQUARE
14,3,0,A,6,10,SQUARE
14,4,1,A,6,10,SQUARE
14,5,0,A,6,10,SQUARE
14,6,1,A,6,10,SQUARE
14,7,0,A,6,10,SQUARE
14,8,0,A,6,10,SQUARE
14,9,0,A,6,10,SQUARE
14,10,0,A,6,10,SQUARE
14,11,1,A,6,10,SQUARE
14,12,0,A,4,8,TRIANGLE
14,13,1,A,4,8,TRIANGLE
14,14,0,A,4,8,TRIANGLE
14,15,0,A,4,8,TRIANGLE
14,16,1,A,4,8,TRIANGLE
14,17,0,A,4,8,TRIANGLE
14,18,1,A,4,8,TRIANGLE
14,19,1,A,4,8,TRIANGLE
14,20,1,A,4,10,CIRCLE
14,21,0,A,4,10,CIRCLE
14,22,0,A,4,10,CIRCLE
14,23,0,A,4,10,CIRCLE
14,24,1,A,4,10,CIRCLE
14,25,1,A,4,10,CIRCLE
14,26,1,A,6,10,STAR
14,27,1,A,6,10,STAR
14,28,1,A,6,10,STAR
14,29,0,A,6,10,STAR
14,30,1,A,6,10,STAR
14,31,0,A,6,8,SQUARE
14,32,1,A,6,8,SQUARE
14,33,0,A,6,8,SQUARE
14,34,1,A,6,8,SQUARE
14,35,0,A,6,8,SQUARE
14,36,0,A,6,8,SQUARE
14,37,0,A,6,8,SQUARE
14,38,0,A,6,8,SQUARE
14,39,1,A,6,8,SQUARE
14,40,1,A,6,8,SQUARE
14,41,0,A,4,8,TRIANGLE
14,42,0,A,4,8,TRIANGLE
14,43,0,A,4,8,TRIANGLE
14,44,1,A,4,8,TRIANGLE
14,45,0,A,4,8,TRIANGLE
14,46,1,A,4,8,TRIANGLE
14,47,1,A,4,8,TRIANGLE
14,48,0,A,4,8,TRIANGLE
14,49,0,A,4,8,TRIANGLE
14,50,1,A,4,8,TRIANGLE
14,51,1,A,8,10,CIRCLE
14,52,1,A,8,10,CIRCLE
14,53,1,A,8,10,CIRCLE
14,54,1,A,8,10,CIRCLE
14,55,1,A,8,10,CIRCLE
14,56,1,A,4,6,STAR
14,57,0,A,4,6,STAR
14,58,0,A,4,6,STAR
14,59,1,A,4,6,STAR
14,60,0,A,4,6,STAR
14,61,1,A,4,6,STAR
14,62,1,A,6,10,SQUARE
14,63,0,A,6,10,SQUARE
14,64,0,A,6,10,SQUARE
14,65,0,A,6,10,SQUARE
14,66,1,A,6,10,SQUARE
14,67,0,A,6,10,SQUARE
14,68,0,A,6,10,SQUARE
14,69,0,A,6,10,SQUARE
14,70,1,A,6,10,SQUARE
14,71,1,A,4,6,TRIANGLE
14,72,1,A,4,6,TRIANGLE
14,73,0,A,4,6,TRIANGLE
14,74,0,A,4,6,TRIANGLE
14,75,0,A,4,6,TRIANGLE
14,76,0,A,4,6,TRIANGLE
14,77,1,A,4,6,TRIANGLE
14,78,1,A,4,6,TRIANGLE
14,79,1,A,4,6,TRIANGLE
14,80,1,A,4,6,TRIANGLE
14,81,1,A,6,10,CIRCLE
14,82,1,A,6,10,CIRCLE
14,83,1,A,6,10,CIRCLE
14,84,1,A,8,10,STAR
14,85,1,A,8,10,STAR
14,86,1,A,8,10,STAR
14,87,0,A,6,10,CIRCLE
14,88,1,A,6,10,CIRCLE
14,89,1,A,6,10,CIRCLE
14,90,1,A,6,10,CIRCLE
14,91,0,A,6,10,CIRCLE
14,92,1,A,6,10,CIRCLE
14,93,1,A,4,8,STAR
14,94,1,A,4,8,STAR
14,95,0,A,4,8,STAR
14,96,1,A,4,8,STAR
14,97,1,A,4,8,STAR
14,98,1,A,4,8,STAR
14,99,1,A,4,6,SQUARE
14,100,0,A,4,6,SQUARE
15,1,0,A,8,10,SQUARE
15,2,0,A,8,10,SQUARE
15,3,0,A,8,10,SQUARE
15,4,0,A,8,10,SQUARE
15,5,1,A,8,10,SQUARE
15,6,0,A,8,10,SQUARE
15,7,1,A,8,10,SQUARE
15,8,1,A,6,8,TRIANGLE
15,9,0,A,6,8,TRIANGLE
15,10,0,A,6,8,TRIANGLE
15,11,0,A,6,8,TRIANGLE
15,12,0,A,6,8,TRIANGLE
15,13,0,A,6,8,TRIANGLE
15,14,0,A,6,8,TRIANGLE
15,15,0,A,6,8,TRIANGLE
15,16,0,A,6,8,TRIANGLE
15,17,1,A,6,8,TRIANGLE
15,18,1,A,6,8,TRIANGLE
15,19,1,A,6,8,CIRCLE
15,20,0,A,6,8,CIRCLE
15,21,0,A,6,8,CIRCLE
15,22,0,A,6,8,CIRCLE
15,23,1,A,6,8,CIRCLE
15,24,0,A,4,10,STAR
15,25,1,A,4,10,STAR
15,26,1,A,4,10,STAR
15,27,1,A,4,8,SQUARE
15,28,1,A,4,8,SQUARE
15,29,1,A,4,8,SQUARE
15,30,0,A,4,8,SQUARE
15,31,1,A,4,8,SQUARE
15,32,0,A,6,10,TRIANGLE
15,33,1,A,6,10,TRIANGLE
15,34,0,A,6,10,TRIANGLE
15,35,0,A,6,10,TRIANGLE
15,36,0,A,4,6,CIRCLE
15,37,0,A,4,6,CIRCLE
15,38,1,A,4,6,CIRCLE
15,39,0,A,4,6,CIRCLE
15,40,0,A,4,6,CIRCLE
15,41,0,A,4,6,CIRCLE
15,42,0,A,4,6,CIRCLE
15,43,0,A,4,6,CIRCLE
15,44,1,A,4,6,CIRCLE
15,45,1,A,6,10,SQUARE
15,46,1,A,6,10,SQUARE
15,47,1,A,6,10,SQUARE
15,48,1,A,4,10,CIRCLE
15,49,1,A,4,10,CIRCLE
15,50,1,A,4,10,CIRCLE
15,51,1,A,4,10,CIRCLE
15,52,0,A,8,10,STAR
15,53,1,A,8,10,STAR
15,54,1,A,8,10,STAR
15,55,0,A,8,10,STAR
15,56,1,A,8,10,STAR
15,57,1,A,4,10,SQUARE
15,58,1,A,4,10,SQUARE
15,59,1,A,4,10,SQUARE
15,60,1,A,6,8,TRIANGLE
15,61,0,A,6,8,TRIANGLE
15,62,1,A,6,8,TRIANGLE
15,63,0,A,6,8,TRIANGLE
15,64,1,A,6,8,TRIANGLE
15,65,1,A,4,10,CIRCLE
15,66,0,A,4,10,CIRCLE
15,67,1,A,4,10,CIRCLE
15,68,0,A,4,10,CIRCLE
15,69,0,A,4,10,CIRCLE
15,70,1,A,4,10,CIRCLE
15,71,0,A,4,10,CIRCLE
15,72,0,A,4,10,CIRCLE
15,73,1,A,4,10,CIRCLE
15,74,1,A,4,10,CIRCLE
15,75,0,A,6,8,STAR
15,76,1,A,6,8,STAR
15,77,1,A,4,6,SQUARE
15,78,1,A,4,6,SQUARE
15,79,0,A,4,6,SQUARE
15,80,1,A,4,6,SQUARE
15,81,1,A,4,6,SQUARE
15,82,1,A,4,6,SQUARE
15,83,1,A,4,6,SQUARE
15,84,1,A,4,6,SQUARE
15,85,1,A,4,10,TRIANGLE
15,86,1,A,4,10,TRIANGLE
15,87,1,A,4,8,CIRCLE
15,88,1,A,4,8,CIRCLE
15,89,0,A,4,8,CIRCLE
15,90,0,A,4,6,SQUARE
15,91,1,A,4,6,SQUARE
15,92,1,A,4,6,SQUARE
15,93,1,A,4,6,SQUARE
15,94,1,A,4,6,SQUARE
15,95,1,A,6,10,STAR
15,96,1,A,6,10,STAR
15,97,1,A,6,10,STAR
15,98,0,A,6,10,STAR
15,99,1,A,6,10,STAR
15,100,1,A,6,10,STAR
16,1,0,A,8,10,STAR
16,2,0,A,8,10,STAR
16,3,1,A,6,8,TRIANGLE
16,4,1,A,6,8,TRIANGLE
16,5,1,A,4,10,CIRCLE
16,6,1,A,4,10,CIRCLE
16,7,1,A,4,10,CIRCLE
16,8,1,A,4,10,CIRCLE
16,9,1,A,6,8,STAR
16,10,0,A,6,8,STAR
16,11,1,A,6,8,STAR
16,12,0,A,6,8,STAR
16,13,1,A,6,8,STAR
16,14,0,A,6,8,STAR
16,15,0,A,6,8,STAR
16,16,1,A,4,6,SQUARE
16,17,0,A,4,6,SQUARE
16,18,1,A,4,6,SQUARE
16,19,0,A,4,10,TRIANGLE
16,20,1,A,4,10,TRIANGLE
16,21,1,A,4,8,CIRCLE
16,22,1,A,4,8,CIRCLE
16,23,0,A,4,6,STAR
16,24,1,A,4,6,STAR
16,25,0,A,6,10,STAR
16,26,1,A,6,10,STAR
16,27,1,A,6,10,STAR
16,28,1,A,6,10,STAR
16,29,1,A,6,10,STAR
16,30,0,A,6,10,STAR
16,31,0,A,6,10,STAR
16,32,1,A,6,10,STAR
16,33,1,A,6,10,STAR
16,34,1,A,6,8,SQUARE
16,35,0,A,6,8,SQUARE
16,36,1,A,6,8,SQUARE
16,37,0,A,6,10,TRIANGLE
16,38,1,A,6,10,TRIANGLE
16,39,1,A,6,10,TRIANGLE
16,40,1,A,6,8,CIRCLE
16,41,0,A,6,8,CIRCLE
16,42,0,A,6,8,CIRCLE
16,43,1,A,6,8,CIRCLE
16,44,1,A,6,8,CIRCLE
16,45,1,A,6,8,CIRCLE
16,46,0,A,4,10,STAR
16,47,1,A,4,10,STAR
16,48,1,A,4,10,STAR
16,49,1,A,4,10,STAR
16,50,1,A,4,8,SQUARE
16,51,1,A,4,8,SQUARE
16,52,1,A,4,8,SQUARE
16,53,0,A,4,8,SQUARE
16,54,0,A,4,8,SQUARE
16,55,1,A,4,8,SQUARE
16,56,1,A,4,8,SQUARE
16,57,1,A,4,8,SQUARE
16,58,1,A,6,8,TRIANGLE
16,59,0,A,6,8,TRIANGLE
16,60,1,A,6,8,TRIANGLE
16,61,0,A,6,8,TRIANGLE
16,62,1,A,6,8,TRIANGLE
16,63,1,A,8,10,CIRCLE
16,64,1,A,8,10,CIRCLE
16,65,0,A,8,10,CIRCLE
16,66,0,A,8,10,CIRCLE
16,67,1,A,8,10,CIRCLE
16,68,1,A,6,10,STAR
16,69,1,A,6,10,STAR
16,70,0,A,6,10,STAR
16,71,1,A,6,10,STAR
16,72,0,A,6,10,STAR
16,73,0,A,6,10,STAR
16,74,1,A,6,10,STAR
16,75,0,A,4,8,SQUARE
16,76,1,A,4,8,SQUARE
16,77,0,A,4,8,SQUARE
16,78,1,A,4,8,SQUARE
16,79,1,A,4,8,SQUARE
16,80,0,A,6,8,TRIANGLE
16,81,1,A,6,8,TRIANGLE
16,82,1,A,6,8,TRIANGLE
16,83,1,A,6,8,TRIANGLE
16,84,0,A,6,8,TRIANGLE
16,85,1,A,6,8,TRIANGLE
16,86,1,A,4,6,CIRCLE
16,87,1,A,4,6,CIRCLE
16,88,1,A,4,6,CIRCLE
16,89,1,A,4,6,CIRCLE
16,90,1,A,6,8,STAR
16,91,1,A,6,8,STAR
16,92,1,A,6,8,STAR
16,93,0,A,6,8,STAR
16,94,1,A,6,8,STAR
16,95,1,A,6,8,STAR
16,96,1,A,6,8,STAR
16,97,0,A,4,10,SQUARE
16,98,1,A,4,10,SQUARE
16,99,1,A,4,10,SQUARE
16,100,1,A,4,10,SQUARE
17,1,0,A,4,10,SQUARE
17,2,1,A,4,10,SQUARE
17,3,0,A,4,10,SQUARE
17,4,1,A,4,10,SQUARE
17,5,0,A,4,10,SQUARE
17,6,1,A,4,10,SQUARE
17,7,0,A,4,6,TRIANGLE
17,8,0,A,4,6,TRIANGLE
17,9,0,A,4,6,TRIANGLE
17,10,0,A,4,6,TRIANGLE
17,11,1,A,4,6,TRIANGLE
17,12,0,A,4,6,TRIANGLE
17,13,1,A,4,6,TRIANGLE
17,14,1,A,4,6,TRIANGLE
17,15,0,A,4,6,TRIANGLE
17,16,0,A,4,6,TRIANGLE
17,17,1,A,4,6,TRIANGLE
17,18,1,A,4,6,TRIANGLE
17,19,1,A,4,10,CIRCLE
17,20,0,A,4,10,CIRCLE
17,21,1,A,4,10,CIRCLE
17,22,0,A,4,10,CIRCLE
17,23,0,A,4,10,CIRCLE
17,24,0,A,4,10,CIRCLE
17,25,0,A,4,10,CIRCLE
17,26,0,A,4,10,CIRCLE
17,27,0,A,4,10,CIRCLE
17,28,0,A,4,10,CIRCLE
17,29,1,A,4,10,CIRCLE
17,30,1,A,6,10,STAR
17,31,0,A,6,10,STAR
17,32,0,A,6,10,STAR
17,33,0,A,6,10,STAR
17,34,1,A,6,10,STAR
17,35,0,A,6,10,STAR
17,36,1,A,6,10,STAR
17,37,0,A,6,8,SQUARE
17,38,0,A,6,8,SQUARE
17,39,1,A,6,8,SQUARE
17,40,1,A,6,8,SQUARE
17,41,1,A,6,8,SQUARE
17,42,1,A,6,8,SQUARE
17,43,1,A,6,10,TRIANGLE
17,44,0,A,6,10,TRIANGLE
17,45,0,A,6,10,TRIANGLE
17,46,0,A,6,10,TRIANGLE
17,47,0,A,6,10,TRIANGLE
17,48,1,A,6,10,TRIANGLE
17,49,1,A,6,10,TRIANGLE
17,50,0,A,6,10,TRIANGLE
17,51,0,A,6,10,TRIANGLE
17,52,0,A,6,10,TRIANGLE
17,53,0,A,6,10,TRIANGLE
17,54,1,A,6,10,TRIANGLE
17,55,1,A,6,10,TRIANGLE
17,56,1,A,6,10,TRIANGLE
17,57,1,A,6,10,TRIANGLE
17,58,1,A,6,10,TRIANGLE
17,59,1,A,6,8,CIRCLE
17,60,1,A,6,8,CIRCLE
17,61,1,A,6,8,CIRCLE
17,62,1,A,6,10,STAR
17,63,0,A,6,10,STAR
17,64,1,A,6,10,STAR
17,65,0,A,6,10,STAR
17,66,1,A,6,10,STAR
17,67,1,A,8,10,SQUARE
17,68,1,A,8,10,SQUARE
17,69,1,A,8,10,SQUARE
17,70,1,A,4,6,TRIANGLE
17,71,1,A,4,6,TRIANGLE
17,72,1,A,4,6,TRIANGLE
17,73,1,A,4,6,TRIANGLE
17,74,0,A,4,6,TRIANGLE
17,75,1,A,4,6,CIRCLE
17,76,1,A,4,6,CIRCLE
17,77,1,A,4,6,CIRCLE
17,78,1,A,4,6,STAR
17,79,0,A,4,6,STAR
17,80,1,A,4,6,STAR
17,81,1,A,4,6,STAR
17,82,1,A,4,6,STAR
17,83,0,A,6,8,SQUARE
17,84,1,A,6,8,SQUARE
17,85,1,A,6,8,SQUARE
17,86,1,A,6,8,SQUARE
17,87,1,A,4,10,TRIANGLE
17,88,1,A,4,10,TRIANGLE
17,89,0,A,4,10,TRIANGLE
17,90,1,A,4,10,TRIANGLE
17,91,1,A,4,10,TRIANGLE
17,92,1,A,4,8,STAR
17,93,1,A,4,8,STAR
17,94,1,A,4,8,STAR
17,95,0,A,4,10,SQUARE
17,96,0,A,4,10,SQUARE
17,97,1,A,4,10,SQUARE
17,98,0,A,4,10,SQUARE
17,99,1,A,4,10,SQUARE
17,100,1,A,4,10,SQUARE
18,1,0,A,6,8,SQUARE
18,2,0,A,6,8,SQUARE
18,3,1,A,6,8,SQUARE
18,4,1,A,6,8,SQUARE
18,5,1,A,6,8,TRIANGLE
18,6,1,A,6,8,TRIANGLE
18,7,0,A,6,8,TRIANGLE
18,8,0,A,6,8,TRIANGLE
18,9,1,A,6,8,TRIANGLE
18,10,1,A,6,8,TRIANGLE
18,11,0,A,4,8,CIRCLE
18,12,0,A,4,8,CIRCLE
18,13,0,A,4,8,CIRCLE
18,14,1,A,4,8,CIRCLE
18,15,1,A,4,8,CIRCLE
18,16,1,A,4,8,CIRCLE
18,17,0,A,4,8,CIRCLE
18,18,0,A,4,8,CIRCLE
18,19,0,A,4,10,STAR
18,20,1,A,4,10,STAR
18,21,0,A,4,10,STAR
18,22,0,A,4,10,STAR
18,23,1,A,4,10,STAR
18,24,1,A,4,10,STAR
18,25,0,A,4,8,SQUARE
18,26,1,A,4,8,SQUARE
18,27,1,A,4,8,SQUARE
18,28,1,A,6,10,TRIANGLE
18,29,1,A,6,10,TRIANGLE
18,30,1,A,4,6,STAR
18,31,0,A,4,6,STAR
18,32,0,A,4,6,STAR
18,33,1,A,4,6,STAR
18,34,1,A,4,10,SQUARE
18,35,0,A,4,10,SQUARE
18,36,1,A,4,10,SQUARE
18,37,0,A,6,10,TRIANGLE
18,38,0,A,6,10,TRIANGLE
18,39,0,A,6,10,TRIANGLE
18,40,1,A,6,10,TRIANGLE
18,41,1,A,6,10,TRIANGLE
18,42,1,A,6,10,TRIANGLE
18,43,1,A,6,10,TRIANGLE
18,44,0,A,4,6,CIRCLE
18,45,1,A,4,6,CIRCLE
18,46,1,A,4,6,CIRCLE
18,47,1,A,4,10,STAR
18,48,1,A,4,10,STAR
18,49,1,A,4,10,STAR
18,50,1,A,4,8,SQUARE
18,51,0,A,4,8,SQUARE
18,52,1,A,4,8,SQUARE
18,53,1,A,4,8,SQUARE
18,54,1,A,4,8,SQUARE
18,55,1,A,4,6,TRIANGLE
18,56,1,A,4,6,TRIANGLE
18,57,1,A,4,6,TRIANGLE
18,58,1,A,4,6,TRIANGLE
18,59,0,A,4,6,TRIANGLE
18,60,1,A,6,10,CIRCLE
18,61,1,A,6,10,CIRCLE
18,62,0,A,6,10,CIRCLE
18,63,0,A,6,10,CIRCLE
18,64,0,A,6,10,CIRCLE
18,65,1,A,6,10,CIRCLE
18,66,1,A,6,10,CIRCLE
18,67,0,A,6,10,CIRCLE
18,68,0,A,6,10,CIRCLE
18,69,1,A,6,10,CIRCLE
18,70,1,A,4,10,STAR
18,71,1,A,4,10,STAR
18,72,1,A,4,10,STAR
18,73,1,A,4,10,STAR
18,74,0,A,4,10,STAR
18,75,1,A,4,10,STAR
18,76,1,A,4,6,SQUARE
18,77,0,A,4,6,SQUARE
18,78,0,A,4,6,SQUARE
18,79,0,A,4,6,SQUARE
18,80,1,A,4,6,SQUARE
18,81,0,A,8,10,TRIANGLE
18,82,1,A,8,10,TRIANGLE
18,83,0,A,8,10,TRIANGLE
18,84,1,A,8,10,TRIANGLE
18,85,1,A,8,10,TRIANGLE
18,86,1,A,4,6,CIRCLE
18,87,0,A,4,6,CIRCLE
18,88,0,A,4,6,CIRCLE
18,89,1,A,4,6,CIRCLE
18,90,1,A,4,6,CIRCLE
18,91,1,A,4,8,STAR
18,92,1,A,4,8,STAR
18,93,0,A,4,8,STAR
18,94,1,A,4,8,STAR
18,95,0,A,4,8,STAR
18,96,1,A,4,8,STAR
18,97,1,A,4,8,STAR
18,98,1,A,6,8,SQUARE
18,99,1,A,6,8,SQUARE
18,100,1,A,6,8,SQUARE
19,1,1,A,6,8,SQUARE
19,2,1,A,6,8,SQUARE
19,3,0,A,6,8,SQUARE
19,4,0,A,6,8,SQUARE
19,5,1,A,6,8,SQUARE
19,6,0,A,6,8,SQUARE
19,7,0,A,6,8,SQUARE
19,8,1,A,6,8,TRIANGLE
19,9,1,A,6,8,TRIANGLE
19,10,1,A,6,8,TRIANGLE
19,11,0,A,4,8,CIRCLE
19,12,0,A,4,8,CIRCLE
19,13,0,A,4,8,CIRCLE
19,14,0,A,4,8,CIRCLE
19,15,0,A,4,8,CIRCLE
19,16,0,A,4,8,CIRCLE
19,17,1,A,4,8,CIRCLE
19,18,0,A,4,8,CIRCLE
19,19,0,A,4,8,CIRCLE
19,20,0,A,4,8,CIRCLE
19,21,0,A,4,8,CIRCLE
19,22,0,A,4,10,STAR
19,23,0,A,4,10,STAR
19,24,1,A,4,10,STAR
19,25,0,A,4,8,SQUARE
19,26,1,A,4,8,SQUARE
19,27,1,A,4,8,SQUARE
19,28,0,A,4,8,SQUARE
19,29,0,A,4,8,SQUARE
19,30,1,A,4,8,SQUARE
19,31,1,A,4,8,SQUARE
19,32,0,A,4,8,SQUARE
19,33,1,A,4,8,SQUARE
19,34,1,A,6,10,TRIANGLE
19,35,0,A,6,10,TRIANGLE
19,36,1,A,6,10,TRIANGLE
19,37,0,A,6,10,TRIANGLE
19,38,0,A,6,10,TRIANGLE
19,39,1,A,6,10,TRIANGLE
19,40,1,A,6,10,TRIANGLE
19,41,0,A,4,6,STAR
19,42,0,A,4,6,STAR
19,43,0,A,4,6,STAR
19,44,1,A,4,6,STAR
19,45,0,A,4,6,STAR
19,46,0,A,4,6,STAR
19,47,0,A,4,6,STAR
19,48,0,A,4,6,STAR
19,49,0,A,4,6,STAR
19,50,0,A,4,6,STAR
19,51,0,A,4,6,STAR
19,52,0,A,4,6,STAR
19,53,0,A,4,6,STAR
19,54,1,A,4,6,STAR
19,55,1,A,4,6,STAR
19,56,1,A,4,6,STAR
19,57,1,A,4,10,SQUARE
19,58,0,A,6,10,TRIANGLE
19,59,1,A,6,10,TRIANGLE
19,60,0,A,6,10,TRIANGLE
19,61,1,A,6,10,TRIANGLE
19,62,1,A,6,10,TRIANGLE
19,63,1,A,6,10,TRIANGLE
19,64,0,A,6,10,TRIANGLE
19,65,0,A,6,10,TRIANGLE
19,66,0,A,6,10,TRIANGLE
19,67,0,A,6,10,TRIANGLE
19,68,1,A,6,10,TRIANGLE
19,69,1,A,6,10,TRIANGLE
19,70,0,A,6,10,TRIANGLE
19,71,0,A,6,10,TRIANGLE
19,72,0,A,6,10,TRIANGLE
19,73,1,A,6,10,TRIANGLE
19,74,1,A,4,10,STAR
19,75,1,A,4,10,STAR
19,76,1,A,4,10,STAR
19,77,0,A,4,10,STAR
19,78,1,A,4,10,STAR
19,79,0,A,4,10,STAR
19,80,1,A,4,10,STAR
19,81,0,A,4,10,STAR
19,82,0,A,4,10,STAR
19,83,1,A,4,10,STAR
19,84,0,A,4,10,STAR
19,85,1,A,4,10,STAR
19,86,1,A,4,10,STAR
19,87,0,A,4,10,STAR
19,88,1,A,4,10,STAR
19,89,1,A,4,10,STAR
19,90,0,A,4,8,SQUARE
19,91,0,A,4,8,SQUARE
19,92,1,A,4,8,SQUARE
19,93,0,A,4,8,SQUARE
19,94,0,A,4,8,SQUARE
19,95,0,A,4,8,SQUARE
19,96,0,A,4,8,SQUARE
19,97,0,A,4,8,SQUARE
19,98,0,A,4,8,SQUARE
19,99,0,A,4,8,SQUARE
19,100,1,A,4,8,SQUARE
20,1,0,S,4,6,CIRCLE
20,2,0,S,4,6,CIRCLE
20,3,1,S,4,8,SQUARE
20,4,0,S,4,8,SQUARE
20,5,1,S,4,8,SQUARE
20,6,1,S,4,8,SQUARE
20,7,0,S,6,10,TRIANGLE
20,8,0,S,6,10,TRIANGLE
20,9,0,S,6,10,TRIANGLE
20,10,0,S,4,6,SQUARE
20,11,1,S,4,6,SQUARE
20,12,0,S,4,6,SQUARE
20,13,1,S,4,6,SQUARE
20,14,1,S,4,6,SQUARE
20,15,0,S,4,6,SQUARE
20,16,1,S,6,8,STAR
20,17,0,S,6,8,STAR
20,18,0,S,6,8,STAR
20,19,1,S,6,8,STAR
20,20,1,S,6,8,STAR
20,21,1,S,6,10,TRIANGLE
20,22,0,S,6,10,TRIANGLE
20,23,0,S,6,10,TRIANGLE
20,24,1,S,6,10,TRIANGLE
20,25,0,S,4,10,STAR
20,26,1,S,4,10,STAR
20,27,0,S,4,10,STAR
20,28,1,S,4,10,STAR
20,29,0,S,4,10,STAR
20,30,0,S,6,8,CIRCLE
20,31,1,S,6,8,CIRCLE
20,32,0,S,6,8,CIRCLE
20,33,1,S,6,8,CIRCLE
20,34,1,S,6,8,CIRCLE
20,35,0,S,6,10,TRIANGLE
20,36,0,S,6,10,TRIANGLE
20,37,0,S,6,10,TRIANGLE
20,38,1,S,6,10,TRIANGLE
20,39,1,S,6,10,TRIANGLE
20,40,1,S,4,8,SQUARE
20,41,0,S,4,8,SQUARE
20,42,1,S,4,8,SQUARE
20,43,0,S,4,6,TRIANGLE
20,44,1,S,4,6,TRIANGLE
20,45,0,S,4,6,TRIANGLE
20,46,1,S,4,6,TRIANGLE
20,47,1,S,4,6,TRIANGLE
20,48,0,S,8,10,STAR
20,49,0,S,8,10,STAR
20,50,0,S,8,10,STAR
20,51,1,S,8,10,STAR
20,52,0,S,8,10,STAR
20,53,1,S,8,10,STAR
20,54,1,S,4,10,CIRCLE
20,55,0,S,4,10,CIRCLE
20,56,0,S,4,10,CIRCLE
20,57,1,S,4,10,CIRCLE
20,58,0,S,4,10,CIRCLE
20,59,0,S,4,10,CIRCLE
20,60,0,S,4,6,TRIANGLE
20,61,0,S,4,6,TRIANGLE
20,62,1,S,4,6,TRIANGLE
20,63,0,S,4,6,TRIANGLE
20,64,1,S,6,10,STAR
20,65,0,S,6,10,STAR
20,66,0,S,6,10,STAR
20,67,1,S,6,10,STAR
20,68,0,S,6,10,STAR
20,69,0,S,4,10,TRIANGLE
20,70,0,S,4,10,STAR
20,71,0,S,4,10,STAR
20,72,0,S,4,10,STAR
20,73,1,S,4,10,STAR
20,74,1,S,4,10,STAR
20,75,1,S,4,10,STAR
20,76,0,S,8,10,SQUARE
20,77,0,S,8,10,SQUARE
20,78,1,S,8,10,SQUARE
20,79,1,S,4,10,TRIANGLE
20,80,0,S,4,10,TRIANGLE
20,81,1,S,4,10,TRIANGLE
20,82,1,S,4,10,TRIANGLE
20,83,1,S,4,6,CIRCLE
20,84,0,S,4,6,CIRCLE
20,85,1,S,4,6,CIRCLE
20,86,1,S,4,6,CIRCLE
20,87,1,S,4,6,CIRCLE
20,88,1,S,4,10,TRIANGLE
20,89,1,S,4,10,TRIANGLE
20,90,1,S,4,10,TRIANGLE
20,91,1,S,4,10,TRIANGLE
20,92,1,S,4,10,TRIANGLE
20,93,0,S,6,8,CIRCLE
20,94,0,S,6,8,CIRCLE
20,95,0,S,4,6,SQUARE
20,96,1,S,4,6,SQUARE
20,97,1,S,4,6,SQUARE
20,98,1,S,4,6,SQUARE
20,99,1,S,6,8,CIRCLE
20,100,0,S,6,8,CIRCLE
21,1,0,A,4,8,SQUARE
21,2,1,A,4,8,SQUARE
21,3,1,A,4,8,SQUARE
21,4,1,A,6,8,CIRCLE
21,5,1,A,6,8,CIRCLE
21,6,0,A,4,8,TRIANGLE
21,7,1,A,4,8,TRIANGLE
21,8,1,A,6,8,CIRCLE
21,9,1,A,6,8,CIRCLE
21,10,0,A,6,8,CIRCLE
21,11,0,A,6,8,CIRCLE
21,12,0,A,4,10,STAR
21,13,1,A,4,10,STAR
21,14,1,A,4,10,STAR
21,15,0,A,4,10,STAR
21,16,1,A,6,10,TRIANGLE
21,17,1,A,6,10,TRIANGLE
21,18,0,A,6,10,TRIANGLE
21,19,1,A,6,10,CIRCLE
21,20,1,A,6,10,CIRCLE
21,21,0,A,6,10,CIRCLE
21,22,1,A,6,10,TRIANGLE
21,23,1,A,6,10,TRIANGLE
21,24,0,A,6,10,TRIANGLE
21,25,0,A,6,10,TRIANGLE
21,26,1,A,8,10,SQUARE
21,27,1,A,8,10,SQUARE
21,28,1,A,8,10,SQUARE
21,29,0,A,8,10,SQUARE
21,30,0,A,4,6,TRIANGLE
21,31,0,A,4,6,TRIANGLE
21,32,1,A,4,6,TRIANGLE
21,33,0,A,8,10,CIRCLE
21,34,0,A,8,10,CIRCLE
21,35,0,A,8,10,CIRCLE
21,36,1,A,8,10,STAR
21,37,0,A,8,10,STAR
21,38,1,A,8,10,STAR
21,39,1,A,8,10,STAR
21,40,0,A,4,6,TRIANGLE
21,41,1,A,4,6,TRIANGLE
21,42,1,A,4,6,TRIANGLE
21,43,1,A,4,10,SQUARE
21,44,1,A,4,10,SQUARE
21,45,0,A,4,10,SQUARE
21,46,1,A,4,10,SQUARE
21,47,1,A,4,10,STAR
21,48,1,A,4,10,STAR
21,49,1,A,4,10,STAR
21,50,0,A,8,10,SQUARE
21,51,0,A,8,10,SQUARE
21,52,0,A,8,10,SQUARE
21,53,0,A,6,10,TRIANGLE
21,54,1,A,6,10,TRIANGLE
21,55,1,A,6,10,TRIANGLE
21,56,0,A,4,8,STAR
21,57,0,A,4,8,STAR
21,58,0,A,4,8,TRIANGLE
21,59,1,A,4,8,TRIANGLE
21,60,1,A,4,8,TRIANGLE
21,61,1,A,4,8,TRIANGLE
21,62,0,A,4,8,TRIANGLE
21,63,1,A,4,8,TRIANGLE
21,64,0,A,6,8,SQUARE
21,65,0,A,6,8,SQUARE
21,66,1,A,6,8,SQUARE
21,67,1,A,4,6,CIRCLE
21,68,1,A,4,6,CIRCLE
21,69,1,A,4,6,CIRCLE
21,70,0,A,4,6,CIRCLE
21,71,1,A,6,10,SQUARE
21,72,1,A,6,10,SQUARE
21,73,0,A,6,10,SQUARE
21,74,1,A,6,10,SQUARE
21,75,1,A,4,6,TRIANGLE
21,76,1,A,4,6,TRIANGLE
21,77,1,A,4,6,TRIANGLE
21,78,1,A,4,6,TRIANGLE
21,79,0,A,4,8,STAR
21,80,1,A,4,8,STAR
21,81,0,A,4,8,STAR
21,82,1,A,4,8,STAR
21,83,1,A,8,10,CIRCLE
21,84,0,A,8,10,CIRCLE
21,85,1,A,8,10,CIRCLE
21,86,0,A,4,10,STAR
21,87,0,A,4,10,STAR
21,88,1,A,4,10,STAR
21,89,1,A,4,10,STAR
21,90,1,A,4,6,SQUARE
21,91,0,A,4,6,SQUARE
21,92,1,A,4,6,SQUARE
21,93,1,A,4,8,TRIANGLE
21,94,1,A,4,8,TRIANGLE
21,95,1,A,4,8,TRIANGLE
21,96,1,A,6,10,STAR
21,97,0,A,6,10,STAR
21,98,1,A,6,10,STAR
21,99,1,A,4,8,TRIANGLE
21,100,1,A,4,8,TRIANGLE
22,1,1,A,4,8,STAR
22,2,1,A,4,8,STAR
22,3,0,A,4,8,STAR
22,4,1,A,4,8,STAR
22,5,0,A,8,10,TRIANGLE
22,6,1,A,8,10,TRIANGLE
22,7,0,A,8,10,TRIANGLE
22,8,0,A,4,8,STAR
22,9,0,A,4,8,STAR
22,10,1,A,4,8,STAR
22,11,0,A,4,8,STAR
22,12,1,A,6,8,CIRCLE
22,13,1,A,6,8,CIRCLE
22,14,1,A,6,8,CIRCLE
22,15,1,A,6,8,CIRCLE
22,16,0,A,4,10,SQUARE
22,17,1,A,4,10,SQUARE
22,18,1,A,4,10,SQUARE
22,19,0,A,4,10,SQUARE
22,20,0,A,4,10,SQUARE
22,21,1,A,4,6,CIRCLE
22,22,0,A,4,6,CIRCLE
22,23,0,A,4,6,CIRCLE
22,24,0,A,8,10,SQUARE
22,25,1,A,8,10,SQUARE
22,26,1,A,4,10,STAR
22,27,1,A,4,10,STAR
22,28,0,A,4,10,STAR
22,29,1,A,4,10,STAR
22,30,1,A,4,6,CIRCLE
22,31,1,A,4,6,CIRCLE
22,32,0,A,4,6,CIRCLE
22,33,1,A,4,6,CIRCLE
22,34,1,A,4,6,CIRCLE
22,35,0,A,4,10,STAR
22,36,1,A,4,10,STAR
22,37,1,A,4,10,STAR
22,38,1,A,6,8,SQUARE
22,39,0,A,6,8,SQUARE
22,40,1,A,6,8,SQUARE
22,41,1,A,8,10,TRIANGLE
22,42,0,A,8,10,TRIANGLE
22,43,1,A,8,10,TRIANGLE
22,44,1,A,8,10,TRIANGLE
22,45,0,A,8,10,TRIANGLE
22,46,0,A,8,10,TRIANGLE
22,47,1,A,4,6,STAR
22,48,1,A,4,6,STAR
22,49,1,A,4,6,STAR
22,50,1,A,4,6,STAR
22,51,1,A,6,10,TRIANGLE
22,52,1,A,6,10,TRIANGLE
22,53,1,A,6,10,TRIANGLE
22,54,0,A,4,8,SQUARE
22,55,0,A,4,8,SQUARE
22,56,0,A,4,8,SQUARE
22,57,1,A,4,6,CIRCLE
22,58,1,A,4,6,CIRCLE
22,59,1,A,4,6,CIRCLE
22,60,0,A,4,6,CIRCLE
22,61,1,A,8,10,STAR
22,62,1,A,8,10,STAR
22,63,0,A,8,10,STAR
22,64,0,A,8,10,STAR
22,65,1,A,6,8,TRIANGLE
22,66,1,A,6,8,TRIANGLE
22,67,1,A,6,8,TRIANGLE
22,68,1,A,6,8,TRIANGLE
22,69,1,A,4,10,CIRCLE
22,70,1,A,4,10,CIRCLE
22,71,1,A,4,10,CIRCLE
22,72,0,A,4,10,TRIANGLE
22,73,1,A,4,10,TRIANGLE
22,74,1,A,4,10,TRIANGLE
22,75,1,A,4,10,TRIANGLE
22,76,1,A,4,10,TRIANGLE
22,77,1,A,8,10,CIRCLE
22,78,1,A,8,10,CIRCLE
22,79,1,A,8,10,CIRCLE
22,80,1,A,8,10,CIRCLE
22,81,1,A,4,8,SQUARE
22,82,0,A,4,8,SQUARE
22,83,0,A,4,8,SQUARE
22,84,1,A,4,8,SQUARE
22,85,0,A,4,8,SQUARE
22,86,1,A,6,10,STAR
22,87,0,A,6,10,STAR
22,88,0,A,6,10,STAR
22,89,1,A,6,10,STAR
22,90,1,A,6,10,STAR
22,91,1,A,8,10,TRIANGLE
22,92,1,A,8,10,TRIANGLE
22,93,1,A,8,10,TRIANGLE
22,94,0,A,8,10,TRIANGLE
22,95,1,A,6,8,CIRCLE
22,96,1,A,6,8,CIRCLE
22,97,1,A,6,8,CIRCLE
22,98,1,A,6,8,CIRCLE
22,99,1,A,6,8,CIRCLE
22,100,0,A,6,8,CIRCLE
23,1,1,S,4,8,SQUARE
23,2,1,S,4,8,SQUARE
23,3,1,S,4,8,SQUARE
23,4,0,S,4,8,SQUARE
23,5,1,S,4,8,SQUARE
23,6,1,S,6,10,CIRCLE
23,7,0,S,6,10,CIRCLE
23,8,1,S,6,10,CIRCLE
23,9,1,S,4,8,STAR
23,10,0,S,4,8,STAR
23,11,0,S,4,8,STAR
23,12,1,S,4,8,TRIANGLE
23,13,0,S,4,8,TRIANGLE
23,14,1,S,4,8,TRIANGLE
23,15,0,S,4,8,TRIANGLE
23,16,0,S,8,10,STAR
23,17,1,S,8,10,STAR
23,18,1,S,8,10,STAR
23,19,0,S,4,8,TRIANGLE
23,20,1,S,4,8,TRIANGLE
23,21,0,S,4,8,TRIANGLE
23,22,1,S,4,6,STAR
23,23,1,S,4,6,STAR
23,24,0,S,4,6,STAR
23,25,1,S,8,10,SQUARE
23,26,0,S,8,10,SQUARE
23,27,0,S,8,10,SQUARE
23,28,1,S,8,10,SQUARE
23,29,0,S,4,6,STAR
23,30,1,S,4,6,STAR
23,31,1,S,4,6,STAR
23,32,0,S,8,10,CIRCLE
23,33,1,S,8,10,CIRCLE
23,34,0,S,8,10,CIRCLE
23,35,0,S,8,10,CIRCLE
23,36,0,S,4,6,SQUARE
23,37,1,S,4,6,SQUARE
23,38,0,S,4,6,SQUARE
23,39,0,S,4,10,CIRCLE
23,40,0,S,4,10,CIRCLE
23,41,1,S,4,10,CIRCLE
23,42,1,S,6,8,TRIANGLE
23,43,1,S,6,8,TRIANGLE
23,44,0,S,6,8,TRIANGLE
23,45,1,S,4,6,STAR
23,46,1,S,4,6,STAR
23,47,1,S,4,6,SQUARE
23,48,0,S,4,6,SQUARE
23,49,0,S,4,6,SQUARE
23,50,1,S,4,8,CIRCLE
23,51,1,S,4,8,CIRCLE
23,52,1,S,4,8,TRIANGLE
23,53,0,S,4,8,TRIANGLE
23,54,1,S,4,8,TRIANGLE
23,55,0,S,4,8,TRIANGLE
23,56,1,S,4,8,TRIANGLE
23,57,0,S,8,10,CIRCLE
23,58,1,S,8,10,CIRCLE
23,59,1,S,8,10,TRIANGLE
23,60,1,S,8,10,TRIANGLE
23,61,0,S,8,10,TRIANGLE
23,62,0,S,4,8,CIRCLE
23,63,1,S,4,8,CIRCLE
23,64,0,S,4,8,CIRCLE
23,65,0,S,4,8,CIRCLE
23,66,1,S,6,9,TRIANGLE
23,67,1,S,6,9,TRIANGLE
23,68,1,S,6,9,TRIANGLE
23,69,1,S,6,9,TRIANGLE
23,70,1,S,4,10,STAR
23,71,0,S,4,10,STAR
23,72,1,S,4,10,STAR
23,73,0,S,4,10,STAR
23,74,0,S,6,10,CIRCLE
23,75,0,S,6,10,CIRCLE
23,76,1,S,6,8,STAR
23,77,1,S,6,8,STAR
23,78,0,S,8,10,SQUARE
23,79,1,S,8,10,SQUARE
23,80,1,S,8,10,SQUARE
23,81,1,S,8,10,SQUARE
23,82,1,S,4,6,CIRCLE
23,83,1,S,4,6,CIRCLE
23,84,0,S,4,6,CIRCLE
23,85,1,S,4,6,CIRCLE
23,86,0,S,8,10,STAR
23,87,0,S,8,10,STAR
23,88,0,S,8,10,STAR
23,89,0,S,8,10,STAR
23,90,1,S,4,8,TRIANGLE
23,91,0,S,4,8,TRIANGLE
23,92,1,S,4,8,TRIANGLE
23,93,0,S,4,6,CIRCLE
23,94,0,S,4,6,CIRCLE
23,95,1,S,4,8,TRIANGLE
23,96,0,S,6,10,CIRCLE
23,97,0,S,6,10,CIRCLE
23,98,1,S,6,10,CIRCLE
23,99,1,S,6,10,CIRCLE
23,100,0,S,4,8,TRIANGLE
24,1,0,S,4,10,CIRCLE
24,2,0,S,4,10,CIRCLE
24,3,1,S,4,6,TRIANGLE
24,4,1,S,4,6,TRIANGLE
24,5,1,S,8,10,SQUARE
24,6,0,S,8,10,SQUARE
24,7,1,S,8,10,CIRCLE
24,8,0,S,8,10,CIRCLE
24,9,1,S,6,10,SQUARE
24,10,0,S,6,10,SQUARE
24,11,1,S,6,10,SQUARE
24,12,0,S,4,8,STAR
24,13,1,S,4,8,STAR
24,14,1,S,4,8,STAR
24,15,0,S,6,8,CIRCLE
24,16,0,S,6,8,CIRCLE
24,17,0,S,6,8,CIRCLE
24,18,0,S,4,6,TRIANGLE
24,19,1,S,4,6,TRIANGLE
24,20,1,S,4,6,TRIANGLE
24,21,1,S,4,6,TRIANGLE
24,22,1,S,4,10,SQUARE
24,23,0,S,4,10,SQUARE
24,24,1,S,4,10,SQUARE
24,25,1,S,4,10,SQUARE
24,26,0,S,8,10,CIRCLE
24,27,1,S,8,10,CIRCLE
24,28,0,S,6,10,TRIANGLE
24,29,0,S,6,10,TRIANGLE
24,30,0,S,6,10,TRIANGLE
24,31,0,S,4,10,CIRCLE
24,32,1,S,4,10,CIRCLE
24,33,0,S,4,10,CIRCLE
24,34,1,S,4,10,SQUARE
24,35,0,S,4,10,SQUARE
24,36,0,S,4,10,SQUARE
24,37,0,S,4,10,SQUARE
24,38,1,S,4,10,SQUARE
24,39,1,S,8,10,STAR
24,40,0,S,8,10,STAR
24,41,1,S,8,10,STAR
24,42,0,S,8,10,STAR
24,43,1,S,6,8,SQUARE
24,44,1,S,6,8,SQUARE
24,45,0,S,6,8,SQUARE
24,46,1,S,6,8,SQUARE
24,47,0,S,8,10,TRIANGLE
24,48,0,S,8,10,TRIANGLE
24,49,0,S,8,10,TRIANGLE
24,50,1,S,4,6,SQUARE
24,51,1,S,4,6,SQUARE
24,52,0,S,4,6,SQUARE
24,53,0,S,6,8,STAR
24,54,1,S,6,8,STAR
24,55,1,S,6,8,STAR
24,56,1,S,6,8,STAR
24,57,0,S,6,8,STAR
24,58,1,S,4,10,CIRCLE
24,59,0,S,4,10,CIRCLE
24,60,0,S,4,10,CIRCLE
24,61,1,S,4,10,CIRCLE
24,62,1,S,4,10,TRIANGLE
24,63,1,S,4,10,TRIANGLE
24,64,1,S,4,10,TRIANGLE
24,65,1,S,4,10,TRIANGLE
24,66,1,S,4,10,SQUARE
24,67,1,S,4,10,SQUARE
24,68,0,S,4,10,SQUARE
24,69,1,S,4,10,SQUARE
24,70,0,S,4,6,STAR
24,71,1,S,4,6,STAR
24,72,1,S,4,10,CIRCLE
24,73,1,S,4,10,CIRCLE
24,74,1,S,4,10,SQUARE
24,75,0,S,4,10,SQUARE
24,76,0,S,4,10,SQUARE
24,77,1,S,4,10,SQUARE
24,78,1,S,4,8,STAR
24,79,1,S,4,8,STAR
24,80,1,S,4,8,STAR
24,81,1,S,4,8,STAR
24,82,1,S,4,10,CIRCLE
24,83,1,S,4,10,CIRCLE
24,84,0,S,8,10,STAR
24,85,1,S,8,10,STAR
24,86,1,S,8,10,STAR
24,87,1,S,4,6,SQUARE
24,88,0,S,4,6,SQUARE
24,89,0,S,4,6,STAR
24,90,1,S,4,6,STAR
24,91,0,S,4,6,STAR
24,92,1,S,4,8,CIRCLE
24,93,0,S,4,8,CIRCLE
24,94,0,S,4,8,CIRCLE
24,95,1,S,4,8,STAR
24,96,1,S,4,8,STAR
24,97,1,S,4,8,STAR
24,98,1,S,6,10,CIRCLE
24,99,1,S,6,10,CIRCLE
24,100,0,S,4,10,STAR
25,1,1,A,6,10,CIRCLE
25,2,0,A,6,10,CIRCLE
25,3,0,A,6,10,CIRCLE
25,4,1,A,6,10,CIRCLE
25,5,1,A,4,10,TRIANGLE
25,6,0,A,4,10,TRIANGLE
25,7,1,A,4,8,STAR
25,8,0,A,4,8,STAR
25,9,1,A,4,8,STAR
25,10,0,A,4,8,SQUARE
25,11,1,A,4,8,SQUARE
25,12,1,A,4,8,SQUARE
25,13,1,A,4,8,SQUARE
25,14,0,A,4,10,TRIANGLE
25,15,0,A,4,10,TRIANGLE
25,16,1,A,4,10,TRIANGLE
25,17,0,A,4,8,SQUARE
25,18,1,A,4,8,SQUARE
25,19,1,A,4,8,SQUARE
25,20,0,A,4,8,SQUARE
25,21,1,A,6,10,STAR
25,22,0,A,6,10,STAR
25,23,0,A,6,10,STAR
25,24,0,A,4,6,CIRCLE
25,25,1,A,4,6,CIRCLE
25,26,1,A,4,6,CIRCLE
25,27,0,A,4,6,CIRCLE
25,28,1,A,4,6,CIRCLE
25,29,0,A,4,6,CIRCLE
25,30,0,A,4,6,CIRCLE
25,31,0,A,8,10,STAR
25,32,0,A,8,10,STAR
25,33,0,A,8,10,STAR
25,34,1,A,4,10,TRIANGLE
25,35,0,A,4,10,TRIANGLE
25,36,0,A,4,10,TRIANGLE
25,37,0,A,4,10,TRIANGLE
25,38,1,A,8,10,CIRCLE
25,39,1,A,8,10,CIRCLE
25,40,1,A,8,10,CIRCLE
25,41,1,A,8,10,STAR
25,42,0,A,8,10,STAR
25,43,1,A,8,10,STAR
25,44,0,A,4,10,CIRCLE
25,45,1,A,4,10,CIRCLE
25,46,1,A,4,10,CIRCLE
25,47,1,A,4,10,CIRCLE
25,48,1,A,4,6,STAR
25,49,1,A,4,6,STAR
25,50,1,A,4,6,STAR
25,51,1,A,6,8,CIRCLE
25,52,1,A,6,8,CIRCLE
25,53,0,A,6,8,CIRCLE
25,54,0,A,6,8,CIRCLE
25,55,1,A,4,10,TRIANGLE
25,56,0,A,4,10,TRIANGLE
25,57,1,A,6,8,CIRCLE
25,58,1,A,6,8,CIRCLE
25,59,0,A,6,8,CIRCLE
25,60,0,A,6,8,CIRCLE
25,61,0,A,6,8,SQUARE
25,62,1,A,6,8,SQUARE
25,63,1,A,6,8,SQUARE
25,64,0,A,6,8,SQUARE
25,65,1,A,4,10,TRIANGLE
25,66,0,A,4,10,TRIANGLE
25,67,1,A,4,10,TRIANGLE
25,68,0,A,4,10,TRIANGLE
25,69,0,A,4,10,TRIANGLE
25,70,0,A,4,6,SQUARE
25,71,0,A,4,6,SQUARE
25,72,0,A,4,6,SQUARE
25,73,1,A,4,6,SQUARE
25,74,1,A,4,6,STAR
25,75,1,A,4,6,STAR
25,76,0,A,4,6,STAR
25,77,1,A,4,6,STAR
25,78,1,A,4,8,SQUARE
25,79,1,A,4,8,SQUARE
25,80,0,A,4,8,SQUARE
25,81,1,A,4,8,SQUARE
25,82,1,A,4,8,SQUARE
25,83,0,A,4,10,CIRCLE
25,84,1,A,4,10,CIRCLE
25,85,1,A,4,10,CIRCLE
25,86,1,A,4,10,CIRCLE
25,87,0,A,4,10,SQUARE
25,88,1,A,4,10,SQUARE
25,89,1,A,4,10,SQUARE
25,90,1,A,8,10,TRIANGLE
25,91,1,A,8,10,TRIANGLE
25,92,1,A,8,10,TRIANGLE
25,93,0,A,8,10,TRIANGLE
25,94,0,A,6,8,STAR
25,95,1,A,6,8,STAR
25,96,1,A,6,8,STAR
25,97,1,A,6,8,STAR
25,98,1,A,6,8,STAR
25,99,1,A,6,10,TRIANGLE
25,100,0,A,6,10,TRIANGLE
26,1,0,S,4,6,SQUARE
26,2,0,S,4,6,SQUARE
26,3,1,S,4,8,CIRCLE
26,4,1,S,4,8,CIRCLE
26,5,0,S,4,8,CIRCLE
26,6,0,S,4,10,TRIANGLE
26,7,0,S,4,10,TRIANGLE
26,8,1,S,4,10,TRIANGLE
26,9,1,S,4,10,TRIANGLE
26,10,1,S,8,10,CIRCLE
26,11,0,S,8,10,CIRCLE
26,12,0,S,8,10,STAR
26,13,1,S,8,10,STAR
26,14,1,S,8,10,STAR
26,15,0,S,4,8,SQUARE
26,16,0,S,4,8,SQUARE
26,17,1,S,4,8,SQUARE
26,18,1,S,6,10,TRIANGLE
26,19,0,S,6,10,TRIANGLE
26,20,1,S,6,10,TRIANGLE
26,21,1,S,4,8,CIRCLE
26,22,0,S,4,8,CIRCLE
26,23,1,S,4,8,CIRCLE
26,24,1,S,4,8,CIRCLE
26,25,0,S,4,8,CIRCLE
26,26,1,S,4,8,CIRCLE
26,27,0,S,4,8,CIRCLE
26,28,0,S,6,8,STAR
26,29,1,S,6,8,STAR
26,30,0,S,6,8,STAR
26,31,1,S,4,10,TRIANGLE
26,32,1,S,4,10,TRIANGLE
26,33,0,S,4,10,TRIANGLE
26,34,0,S,8,10,CIRCLE
26,35,1,S,8,10,CIRCLE
26,36,0,S,8,10,CIRCLE
26,37,1,S,8,10,CIRCLE
26,38,1,S,8,10,CIRCLE
26,39,0,S,8,10,CIRCLE
26,40,0,S,4,8,STAR
26,41,0,S,4,8,STAR
26,42,0,S,6,10,CIRCLE
26,43,0,S,6,10,CIRCLE
26,44,1,S,6,10,CIRCLE
26,45,0,S,4,6,STAR
26,46,0,S,4,6,STAR
26,47,1,S,4,6,STAR
26,48,0,S,6,10,CIRCLE
26,49,1,S,6,10,CIRCLE
26,50,0,S,6,10,CIRCLE
26,51,0,S,6,10,CIRCLE
26,52,0,S,8,10,STAR
26,53,0,S,8,10,STAR
26,54,1,S,8,10,STAR
26,55,0,S,6,8,SQUARE
26,56,0,S,6,8,SQUARE
26,57,0,S,6,8,SQUARE
26,58,1,S,4,8,STAR
26,59,0,S,4,8,STAR
26,60,0,S,4,8,STAR
26,61,0,S,6,8,TRIANGLE
26,62,0,S,6,8,TRIANGLE
26,63,1,S,6,8,TRIANGLE
26,64,1,S,4,6,SQUARE
26,65,0,S,4,6,SQUARE
26,66,0,S,4,6,SQUARE
26,67,0,S,4,6,SQUARE
26,68,0,S,4,6,SQUARE
26,69,1,S,4,6,SQUARE
26,70,1,S,4,6,SQUARE
26,71,0,S,4,8,CIRCLE
26,72,1,S,4,8,CIRCLE
26,73,0,S,4,8,CIRCLE
26,74,0,S,6,8,SQUARE
26,75,1,S,6,8,SQUARE
26,76,1,S,6,8,SQUARE
26,77,0,S,6,8,SQUARE
26,78,0,S,4,10,CIRCLE
26,79,1,S,4,10,CIRCLE
26,80,1,S,4,10,TRIANGLE
26,81,0,S,4,10,TRIANGLE
26,82,1,S,4,10,TRIANGLE
26,83,1,S,4,10,SQUARE
26,84,1,S,4,10,SQUARE
26,85,0,S,4,10,SQUARE
26,86,0,S,4,6,TRIANGLE
26,87,0,S,4,6,TRIANGLE
26,88,1,S,6,8,CIRCLE
26,89,0,S,6,8,CIRCLE
26,90,0,S,4,8,TRIANGLE
26,91,0,S,4,8,TRIANGLE
26,92,1,S,8,10,CIRCLE
26,93,1,S,8,10,CIRCLE
26,94,0,S,6,8,STAR
26,95,1,S,6,8,STAR
26,96,1,S,4,10,TRIANGLE
26,97,0,S,4,10,TRIANGLE
26,98,0,S,4,6,SQUARE
26,99,1,S,4,6,SQUARE
26,100,1,S,4,6,SQUARE
27,1,0,A,4,6,TRIANGLE
27,2,0,A,4,6,TRIANGLE
27,3,1,A,4,6,TRIANGLE
27,4,1,A,4,6,STAR
27,5,0,A,4,6,STAR
27,6,1,A,4,6,STAR
27,7,0,A,6,10,TRIANGLE
27,8,1,A,6,10,TRIANGLE
27,9,1,A,6,10,TRIANGLE
27,10,1,A,6,10,CIRCLE
27,11,0,A,6,10,CIRCLE
27,12,1,A,6,8,SQUARE
27,13,0,A,6,8,SQUARE
27,14,0,A,6,8,SQUARE
27,15,0,A,4,8,TRIANGLE
27,16,0,A,4,8,TRIANGLE
27,17,0,A,4,8,TRIANGLE
27,18,0,A,4,10,STAR
27,19,0,A,4,10,STAR
27,20,0,A,4,10,STAR
27,21,0,A,6,10,SQUARE
27,22,1,A,6,10,SQUARE
27,23,1,A,6,8,CIRCLE
27,24,0,A,6,8,CIRCLE
27,25,1,A,6,10,STAR
27,26,1,A,6,10,STAR
27,27,1,A,6,10,STAR
27,28,0,A,4,6,TRIANGLE
27,29,0,A,4,6,TRIANGLE
27,30,1,A,6,8,CIRCLE
27,31,1,A,6,8,CIRCLE
27,32,1,A,6,8,CIRCLE
27,33,1,A,4,8,SQUARE
27,34,1,A,4,8,SQUARE
27,35,1,A,4,8,SQUARE
27,36,1,A,8,10,CIRCLE
27,37,0,A,8,10,CIRCLE
27,38,0,A,8,10,CIRCLE
27,39,0,A,4,8,SQUARE
27,40,1,A,4,8,SQUARE
27,41,0,A,4,10,CIRCLE
27,42,0,A,4,10,CIRCLE
27,43,1,A,4,10,CIRCLE
27,44,0,A,6,8,SQUARE
27,45,0,A,6,8,SQUARE
27,46,1,A,6,10,CIRCLE
27,47,0,A,6,10,CIRCLE
27,48,1,A,6,10,CIRCLE
27,49,0,A,6,10,CIRCLE
27,50,1,A,6,10,TRIANGLE
27,51,1,A,6,10,TRIANGLE
27,52,1,A,6,10,TRIANGLE
27,53,1,A,6,10,TRIANGLE
27,54,1,A,6,10,TRIANGLE
27,55,0,A,4,8,CIRCLE
27,56,1,A,4,8,CIRCLE
27,57,1,A,4,8,CIRCLE
27,58,1,A,4,8,STAR
27,59,1,A,4,8,STAR
27,60,1,A,6,8,SQUARE
27,61,1,A,6,8,SQUARE
27,62,1,A,6,8,SQUARE
27,63,0,A,6,8,SQUARE
27,64,1,A,6,10,STAR
27,65,0,A,6,10,STAR
27,66,1,A,4,6,CIRCLE
27,67,0,A,4,6,CIRCLE
27,68,1,A,4,10,STAR
27,69,1,A,4,10,STAR
27,70,0,A,4,10,STAR
27,71,1,A,4,10,STAR
27,72,0,A,4,6,SQUARE
27,73,0,A,4,6,SQUARE
27,74,0,A,4,10,CIRCLE
27,75,1,A,4,10,CIRCLE
27,76,0,A,4,10,CIRCLE
27,77,1,A,4,10,CIRCLE
27,78,1,A,6,8,STAR
27,79,0,A,6,8,STAR
27,80,1,A,6,8,STAR
27,81,0,A,4,10,CIRCLE
27,82,0,A,4,10,CIRCLE
27,83,0,A,4,10,CIRCLE
27,84,0,A,4,8,STAR
27,85,1,A,4,8,STAR
27,86,0,A,4,8,STAR
27,87,1,A,8,10,CIRCLE
27,88,0,A,8,10,CIRCLE
27,89,0,A,8,10,CIRCLE
27,90,1,A,6,10,TRIANGLE
27,91,1,A,6,10,TRIANGLE
27,92,1,A,6,10,TRIANGLE
27,93,0,A,4,6,CIRCLE
27,94,1,A,4,6,CIRCLE
27,95,1,A,4,6,CIRCLE
27,96,0,A,4,6,TRIANGLE
27,97,1,A,4,6,TRIANGLE
27,98,0,A,4,6,TRIANGLE
27,99,0,A,6,10,STAR
27,100,1,A,6,10,STAR
28,1,1,S,4,10,STAR
28,2,1,S,4,10,STAR
28,3,1,S,6,10,SQUARE
28,4,0,S,6,10,SQUARE
28,5,0,S,6,10,SQUARE
28,6,1,S,6,10,SQUARE
28,7,1,S,6,10,SQUARE
28,8,0,S,6,10,SQUARE
28,9,1,S,6,10,SQUARE
28,10,1,S,4,10,TRIANGLE
28,11,1,S,4,10,TRIANGLE
28,12,0,S,4,10,TRIANGLE
28,13,1,S,6,8,CIRCLE
28,14,1,S,6,8,CIRCLE
28,15,1,S,6,8,CIRCLE
28,16,1,S,4,10,SQUARE
28,17,0,S,4,10,SQUARE
28,18,0,S,4,10,SQUARE
28,19,1,S,4,8,STAR
28,20,1,S,4,8,STAR
28,21,1,S,4,8,STAR
28,22,0,S,8,10,TRIANGLE
28,23,1,S,8,10,TRIANGLE
28,24,0,S,8,10,TRIANGLE
28,25,0,S,6,10,SQUARE
28,26,1,S,6,10,SQUARE
28,27,0,S,6,10,SQUARE
28,28,0,S,4,8,CIRCLE
28,29,0,S,4,8,CIRCLE
28,30,1,S,4,8,CIRCLE
28,31,1,S,4,8,CIRCLE
28,32,1,S,4,6,SQUARE
28,33,1,S,4,6,SQUARE
28,34,0,S,4,6,SQUARE
28,35,0,S,4,8,TRIANGLE
28,36,0,S,4,8,TRIANGLE
28,37,1,S,4,8,TRIANGLE
28,38,1,S,4,8,TRIANGLE
28,39,0,S,4,10,STAR
28,40,0,S,4,10,STAR
28,41,0,S,4,10,STAR
28,42,1,S,4,10,STAR
28,43,1,S,4,6,SQUARE
28,44,1,S,4,6,SQUARE
28,45,1,S,4,6,SQUARE
28,46,0,S,6,10,TRIANGLE
28,47,0,S,6,10,TRIANGLE
28,48,0,S,6,10,TRIANGLE
28,49,1,S,6,10,TRIANGLE
28,50,1,S,4,6,SQUARE
28,51,1,S,4,6,SQUARE
28,52,1,S,4,6,SQUARE
28,53,1,S,4,6,STAR
28,54,1,S,4,6,STAR
28,55,0,S,4,6,STAR
28,56,1,S,4,6,CIRCLE
28,57,1,S,4,6,CIRCLE
28,58,0,S,4,6,CIRCLE
28,59,0,S,8,10,SQUARE
28,60,1,S,8,10,SQUARE
28,61,0,S,8,10,SQUARE
28,62,0,S,4,6,STAR
28,63,0,S,4,6,STAR
28,64,0,S,4,6,STAR
28,65,0,S,4,6,STAR
28,66,0,S,4,10,SQUARE
28,67,1,S,4,10,SQUARE
28,68,0,S,4,10,SQUARE
28,69,1,S,4,6,TRIANGLE
28,70,1,S,4,6,TRIANGLE
28,71,1,S,4,6,TRIANGLE
28,72,0,S,4,6,TRIANGLE
28,73,0,S,6,8,STAR
28,74,1,S,6,8,STAR
28,75,1,S,6,8,STAR
28,76,1,S,8,10,CIRCLE
28,77,1,S,8,10,CIRCLE
28,78,1,S,8,10,CIRCLE
28,79,0,S,8,10,CIRCLE
28,80,0,S,8,10,SQUARE
28,81,1,S,8,10,SQUARE
28,82,0,S,4,8,STAR
28,83,1,S,4,8,STAR
28,84,1,S,4,8,STAR
28,85,1,S,6,10,SQUARE
28,86,0,S,6,10,SQUARE
28,87,0,S,6,10,SQUARE
28,88,0,S,6,10,SQUARE
28,89,1,S,4,8,STAR
28,90,1,S,4,8,STAR
28,91,0,S,4,8,STAR
28,92,0,S,4,8,STAR
28,93,0,S,4,6,TRIANGLE
28,94,1,S,4,6,TRIANGLE
28,95,1,S,4,6,TRIANGLE
28,96,0,S,4,6,TRIANGLE
28,97,1,S,4,6,TRIANGLE
28,98,0,S,4,10,CIRCLE
28,99,1,S,4,10,CIRCLE
28,100,0,S,4,10,CIRCLE
29,1,0,A,6,8,STAR
29,2,1,A,6,8,STAR
29,3,0,A,8,10,CIRCLE
29,4,1,A,8,10,CIRCLE
29,5,1,A,8,10,CIRCLE
29,6,1,A,8,10,CIRCLE
29,7,1,A,8,10,CIRCLE
29,8,1,A,4,6,STAR
29,9,0,A,4,6,STAR
29,10,1,A,4,6,STAR
29,11,0,A,4,6,SQUARE
29,12,0,A,4,6,SQUARE
29,13,1,A,4,6,SQUARE
29,14,0,A,4,10,TRIANGLE
29,15,1,A,4,10,TRIANGLE
29,16,1,A,4,10,TRIANGLE
29,17,1,A,4,6,SQUARE
29,18,1,A,4,6,SQUARE
29,19,1,A,4,6,SQUARE
29,20,0,A,4,10,CIRCLE
29,21,0,A,4,10,CIRCLE
29,22,0,A,4,8,TRIANGLE
29,23,1,A,4,8,TRIANGLE
29,24,1,A,4,8,TRIANGLE
29,25,0,A,4,8,TRIANGLE
29,26,0,A,6,8,SQUARE
29,27,1,A,6,8,SQUARE
29,28,0,A,6,8,SQUARE
29,29,0,A,6,8,TRIANGLE
29,30,1,A,6,8,TRIANGLE
29,31,1,A,6,8,TRIANGLE
29,32,1,A,4,8,STAR
29,33,0,A,4,8,STAR
29,34,0,A,4,8,STAR
29,35,1,A,6,8,TRIANGLE
29,36,1,A,6,8,TRIANGLE
29,37,0,A,6,8,TRIANGLE
29,38,1,A,4,6,CIRCLE
29,39,1,A,4,6,CIRCLE
29,40,0,A,4,6,CIRCLE
29,41,0,A,4,10,STAR
29,42,1,A,4,10,STAR
29,43,1,A,4,10,STAR
29,44,0,A,6,10,TRIANGLE
29,45,1,A,6,10,TRIANGLE
29,46,1,A,6,10,TRIANGLE
29,47,0,A,4,10,CIRCLE
29,48,1,A,4,10,CIRCLE
29,49,1,A,6,10,STAR
29,50,0,A,6,10,STAR
29,51,1,A,4,8,SQUARE
29,52,1,A,4,8,SQUARE
29,53,1,A,4,8,SQUARE
29,54,0,A,4,8,SQUARE
29,55,1,A,4,8,SQUARE
29,56,1,A,4,8,SQUARE
29,57,1,A,4,8,SQUARE
29,58,1,A,8,10,CIRCLE
29,59,1,A,8,10,CIRCLE
29,60,0,A,8,10,CIRCLE
29,61,0,A,6,8,SQUARE
29,62,0,A,6,8,SQUARE
29,63,0,A,6,8,SQUARE
29,64,1,A,6,10,CIRCLE
29,65,1,A,6,10,CIRCLE
29,66,0,A,6,10,CIRCLE
29,67,0,A,8,10,STAR
29,68,0,A,8,10,STAR
29,69,1,A,8,10,STAR
29,70,0,A,8,10,STAR
29,71,1,A,8,10,TRIANGLE
29,72,0,A,8,10,TRIANGLE
29,73,1,A,8,10,TRIANGLE
29,74,1,A,8,10,STAR
29,75,0,A,8,10,STAR
29,76,0,A,8,10,STAR
29,77,0,A,8,10,STAR
29,78,1,A,8,10,STAR
29,79,1,A,6,8,SQUARE
29,80,1,A,6,8,SQUARE
29,81,1,A,6,10,TRIANGLE
29,82,1,A,6,10,TRIANGLE
29,83,1,A,6,10,TRIANGLE
29,84,1,A,4,10,CIRCLE
29,85,0,A,4,10,CIRCLE
29,86,1,A,4,6,SQUARE
29,87,1,A,4,6,SQUARE
29,88,1,A,4,6,SQUARE
29,89,1,A,4,6,SQUARE
29,90,1,A,4,8,STAR
29,91,1,A,4,8,STAR
29,92,0,A,4,8,STAR
29,93,1,A,8,10,SQUARE
29,94,0,A,8,10,SQUARE
29,95,1,A,6,10,TRIANGLE
29,96,1,A,6,10,TRIANGLE
29,97,1,A,6,10,TRIANGLE
29,98,1,A,6,10,SQUARE
29,99,0,A,6,10,SQUARE
29,100,0,A,6,10,SQUARE
30,1,0,S,6,10,CIRCLE
30,2,1,S,6,10,CIRCLE
30,3,1,S,6,10,TRIANGLE
30,4,0,S,6,10,TRIANGLE
30,5,1,S,8,10,STAR
30,6,0,S,8,10,STAR
30,7,1,S,8,10,STAR
30,8,0,S,8,10,STAR
30,9,1,S,8,10,STAR
30,10,1,S,4,8,CIRCLE
30,11,1,S,4,8,CIRCLE
30,12,0,S,4,8,CIRCLE
30,13,1,S,6,8,SQUARE
30,14,1,S,6,8,SQUARE
30,15,1,S,6,8,SQUARE
30,16,1,S,4,10,CIRCLE
30,17,0,S,4,10,CIRCLE
30,18,1,S,8,10,STAR
30,19,1,S,8,10,STAR
30,20,1,S,4,10,SQUARE
30,21,1,S,4,10,SQUARE
30,22,1,S,8,10,CIRCLE
30,23,1,S,8,10,CIRCLE
30,24,1,S,8,10,CIRCLE
30,25,1,S,8,10,CIRCLE
30,26,1,S,4,10,STAR
30,27,0,S,4,10,STAR
30,28,1,S,4,10,STAR
30,29,1,S,4,10,STAR
30,30,1,S,4,6,TRIANGLE
30,31,1,S,4,6,TRIANGLE
30,32,0,S,6,8,CIRCLE
30,33,1,S,6,8,CIRCLE
30,34,0,S,6,8,CIRCLE
30,35,1,S,6,8,CIRCLE
30,36,0,S,6,8,CIRCLE
30,37,1,S,6,8,CIRCLE
30,38,0,S,4,8,SQUARE
30,39,1,S,4,8,SQUARE
30,40,1,S,4,10,STAR
30,41,0,S,4,10,STAR
30,42,1,S,4,10,STAR
30,43,1,S,4,10,CIRCLE
30,44,1,S,4,6,STAR
30,45,0,S,4,6,STAR
30,46,0,S,4,6,STAR
30,47,1,S,8,10,TRIANGLE
30,48,0,S,8,10,TRIANGLE
30,49,0,S,8,10,TRIANGLE
30,50,0,S,4,6,STAR
30,51,1,S,4,6,STAR
30,52,0,S,6,8,CIRCLE
30,53,0,S,6,8,CIRCLE
30,54,1,S,6,8,CIRCLE
30,55,1,S,6,8,CIRCLE
30,56,0,S,6,8,CIRCLE
30,57,0,S,8,10,STAR
30,58,0,S,8,10,STAR
30,59,0,S,8,10,TRIANGLE
30,60,0,S,8,10,TRIANGLE
30,61,0,S,8,10,TRIANGLE
30,62,1,S,6,10,STAR
30,63,0,S,6,10,STAR
30,64,1,S,4,10,CIRCLE
30,65,0,S,4,10,CIRCLE
30,66,1,S,4,10,CIRCLE
30,67,0,S,4,10,TRIANGLE
30,68,1,S,4,10,TRIANGLE
30,69,1,S,4,10,TRIANGLE
30,70,1,S,6,8,CIRCLE
30,71,0,S,6,8,CIRCLE
30,72,1,S,6,8,TRIANGLE
30,73,1,S,6,8,TRIANGLE
30,74,0,S,4,10,CIRCLE
30,75,1,S,4,10,CIRCLE
30,76,0,S,4,10,CIRCLE
30,77,1,S,6,10,STAR
30,78,1,S,6,10,STAR
30,79,1,S,4,10,SQUARE
30,80,1,S,4,10,SQUARE
30,81,0,S,4,10,SQUARE
30,82,1,S,6,8,CIRCLE
30,83,0,S,6,8,CIRCLE
30,84,1,S,6,8,CIRCLE
30,85,0,S,8,10,SQUARE
30,86,1,S,8,10,SQUARE
30,87,0,S,8,10,SQUARE
30,88,1,S,6,8,TRIANGLE
30,89,1,S,8,10,STAR
30,90,1,S,8,10,STAR
30,91,1,S,8,10,STAR
30,92,1,S,4,10,TRIANGLE
30,93,1,S,4,10,TRIANGLE
30,94,1,S,8,10,STAR
30,95,0,S,8,10,STAR
30,96,0,S,8,10,SQUARE
30,97,1,S,8,10,SQUARE
30,98,1,S,4,6,TRIANGLE
30,99,0,S,4,6,TRIANGLE
30,100,1,S,6,10,CIRCLE
31,1,1,A,4,6,TRIANGLE
31,2,0,A,4,6,TRIANGLE
31,3,0,A,8,10,SQUARE
31,4,1,A,8,10,SQUARE
31,5,1,A,8,10,SQUARE
31,6,0,A,6,8,STAR
31,7,0,A,6,8,STAR
31,8,0,A,6,8,STAR
31,9,1,A,6,8,STAR
31,10,1,A,4,10,TRIANGLE
31,11,1,A,4,10,TRIANGLE
31,12,1,A,4,10,TRIANGLE
31,13,1,A,8,10,STAR
31,14,1,A,8,10,STAR
31,15,1,A,8,10,STAR
31,16,0,A,6,10,TRIANGLE
31,17,1,A,6,10,TRIANGLE
31,18,1,A,6,10,TRIANGLE
31,19,0,A,4,8,SQUARE
31,20,1,A,4,8,SQUARE
31,21,1,A,4,10,TRIANGLE
31,22,1,A,4,10,TRIANGLE
31,23,0,A,4,10,TRIANGLE
31,24,0,A,8,10,SQUARE
31,25,1,A,8,10,SQUARE
31,26,0,A,8,10,SQUARE
31,27,1,A,4,10,CIRCLE
31,28,0,A,4,10,CIRCLE
31,29,0,A,4,10,CIRCLE
31,30,1,A,4,10,SQUARE
31,31,1,A,4,10,SQUARE
31,32,0,A,4,10,SQUARE
31,33,0,A,4,10,SQUARE
31,34,0,A,8,10,CIRCLE
31,35,1,A,8,10,CIRCLE
31,36,1,A,4,8,TRIANGLE
31,37,1,A,4,8,TRIANGLE
31,38,1,A,4,10,STAR
31,39,0,A,4,10,STAR
31,40,0,A,4,6,SQUARE
31,41,1,A,4,6,SQUARE
31,42,1,A,4,6,SQUARE
31,43,0,A,4,6,TRIANGLE
31,44,1,A,4,6,TRIANGLE
31,45,0,A,4,6,TRIANGLE
31,46,1,A,8,10,SQUARE
31,47,1,A,8,10,SQUARE
31,48,0,A,8,10,SQUARE
31,49,1,A,4,6,TRIANGLE
31,50,1,A,4,6,TRIANGLE
31,51,1,A,4,6,TRIANGLE
31,52,1,A,4,6,SQUARE
31,53,1,A,4,6,SQUARE
31,54,0,A,4,8,TRIANGLE
31,55,1,A,4,8,TRIANGLE
31,56,1,A,4,8,TRIANGLE
31,57,1,A,4,6,CIRCLE
31,58,1,A,4,6,CIRCLE
31,59,1,A,4,6,CIRCLE
31,60,0,A,4,6,CIRCLE
31,61,1,A,6,8,SQUARE
31,62,1,A,6,8,SQUARE
31,63,1,A,6,8,SQUARE
31,64,1,A,6,10,CIRCLE
31,65,0,A,6,10,CIRCLE
31,66,1,A,6,10,CIRCLE
31,67,1,A,6,10,CIRCLE
31,68,1,A,6,10,SQUARE
31,69,1,A,6,10,SQUARE
31,70,1,A,6,10,SQUARE
31,71,1,A,4,6,CIRCLE
31,72,0,A,4,6,CIRCLE
31,73,0,A,4,6,CIRCLE
31,74,1,A,8,10,TRIANGLE
31,75,0,A,8,10,TRIANGLE
31,76,1,A,8,10,TRIANGLE
31,77,0,A,6,10,SQUARE
31,78,0,A,6,10,SQUARE
31,79,1,A,6,10,SQUARE
31,80,1,A,6,10,TRIANGLE
31,81,1,A,6,10,TRIANGLE
31,82,1,A,6,10,TRIANGLE
31,83,1,A,6,10,TRIANGLE
31,84,1,A,4,6,CIRCLE
31,85,1,A,4,6,CIRCLE
31,86,0,A,4,6,CIRCLE
31,87,1,A,6,8,STAR
31,88,1,A,6,8,STAR
31,89,1,A,6,8,STAR
31,90,1,A,8,10,CIRCLE
31,91,0,A,8,10,CIRCLE
31,92,1,A,8,10,CIRCLE
31,93,1,A,6,8,TRIANGLE
31,94,1,A,6,8,TRIANGLE
31,95,1,A,6,8,CIRCLE
31,96,1,A,6,8,CIRCLE
31,97,1,A,6,8,CIRCLE
31,98,0,A,6,8,CIRCLE
31,99,1,A,6,10,SQUARE
31,100,0,A,6,10,SQUARE
32,1,1,S,6,8,TRIANGLE
32,2,1,S,6,8,TRIANGLE
32,3,1,S,6,8,TRIANGLE
32,4,0,S,4,10,STAR
32,5,0,S,4,10,STAR
32,6,0,S,4,10,STAR
32,7,1,S,6,10,TRIANGLE
32,8,1,S,6,10,TRIANGLE
32,9,1,S,6,10,TRIANGLE
32,10,1,S,6,10,TRIANGLE
32,11,1,S,4,6,STAR
32,12,1,S,4,6,STAR
32,13,0,S,4,6,STAR
32,14,1,S,4,6,STAR
32,15,1,S,6,8,CIRCLE
32,16,1,S,6,8,CIRCLE
32,17,0,S,6,8,CIRCLE
32,18,0,S,4,8,SQUARE
32,19,0,S,4,8,SQUARE
32,20,1,S,4,8,SQUARE
32,21,1,S,4,8,SQUARE
32,22,1,S,6,8,STAR
32,23,1,S,6,8,STAR
32,24,1,S,6,8,STAR
32,25,1,S,6,8,STAR
32,26,1,S,4,10,CIRCLE
32,27,0,S,4,10,CIRCLE
32,28,1,S,4,10,STAR
32,29,0,S,4,10,STAR
32,30,1,S,4,6,CIRCLE
32,31,0,S,4,6,CIRCLE
32,32,1,S,4,6,CIRCLE
32,33,0,S,6,10,SQUARE
32,34,0,S,6,10,SQUARE
32,35,1,S,4,8,TRIANGLE
32,36,0,S,4,8,TRIANGLE
32,37,0,S,4,8,TRIANGLE
32,38,1,S,6,10,CIRCLE
32,39,1,S,6,10,CIRCLE
32,40,0,S,6,10,CIRCLE
32,41,0,S,6,10,STAR
32,42,0,S,6,10,STAR
32,43,0,S,6,10,STAR
32,44,0,S,8,10,SQUARE
32,45,1,S,8,10,SQUARE
32,46,1,S,8,10,SQUARE
32,47,0,S,4,10,CIRCLE
32,48,1,S,4,10,CIRCLE
32,49,1,S,6,8,TRIANGLE
32,50,0,S,6,8,TRIANGLE
32,51,0,S,4,10,CIRCLE
32,52,1,S,4,10,CIRCLE
32,53,1,S,4,10,CIRCLE
32,54,1,S,4,10,CIRCLE
32,55,1,S,4,10,CIRCLE
32,56,1,S,4,10,CIRCLE
32,57,0,S,4,10,TRIANGLE
32,58,0,S,4,10,TRIANGLE
32,59,0,S,4,10,TRIANGLE
32,60,1,S,8,10,STAR
32,61,1,S,8,10,STAR
32,62,1,S,8,10,STAR
32,63,0,S,8,10,SQUARE
32,64,1,S,8,10,SQUARE
32,65,0,S,8,10,SQUARE
32,66,1,S,8,10,SQUARE
32,67,1,S,8,10,SQUARE
32,68,0,S,4,10,CIRCLE
32,69,0,S,4,10,CIRCLE
32,70,0,S,4,10,CIRCLE
32,71,0,S,4,10,CIRCLE
32,72,1,S,4,10,SQUARE
32,73,1,S,4,10,SQUARE
32,74,0,S,4,10,SQUARE
32,75,1,S,6,8,STAR
32,76,0,S,6,8,STAR
32,77,1,S,6,8,STAR
32,78,1,S,6,10,SQUARE
32,79,1,S,6,10,SQUARE
32,80,0,S,6,10,SQUARE
32,81,1,S,6,10,SQUARE
32,82,1,S,6,10,SQUARE
32,83,1,S,6,10,SQUARE
32,84,0,S,4,10,TRIANGLE
32,85,1,S,4,10,TRIANGLE
32,86,1,S,4,10,TRIANGLE
32,87,1,S,6,8,CIRCLE
32,88,1,S,6,8,CIRCLE
32,89,1,S,6,8,CIRCLE
32,90,1,S,4,8,TRIANGLE
32,91,1,S,4,8,TRIANGLE
32,92,0,S,4,8,TRIANGLE
32,93,1,S,4,8,TRIANGLE
32,94,1,S,4,10,CIRCLE
32,95,1,S,4,10,CIRCLE
32,96,0,S,4,10,CIRCLE
32,97,1,S,4,10,CIRCLE
32,98,0,S,8,10,SQUARE
32,99,0,S,8,10,SQUARE
32,100,0,S,8,10,SQUARE
